term,clean_term
mc,mc
argus,argus
wtb,wtb
uc,uc
expansion,expansion
earthcrawl mines,earthcrawl mines
liberation undermine,liberation undermine
tanaan jungle,tanaan jungle
nyalotha,nyalotha
hemet nesingwary,hemet nesingwary
cl,cl
lfr,lfr
pathfinder,pathfinder
purge,purge
isle dorn,isle dorn
zaralek cavern,zaralek cavern
pass,pass
soft res,soft res
zf,zf
debuff,debuff
siege boralus,siege boralus
treant,treant
shadowlands,shadowlands
combat log,combat log
xalatath,xalatath
gnoll,gnoll
azuregos,azuregos
twisting corridors,twisting corridors
swamp sorrows,swamp sorrows
darkmaul citadel,darkmaul citadel
battlemaster,battlemaster
dungeon,dungeon
bwl,bwl
freehold,freehold
tryhard,tryhard
de,de
azj kahet,azj kahet
algarian stormrider,algarian stormrider
awc,awc
highmountain tauren,highmountain tauren
siren isle,siren isle
deephaul ravine,deephaul ravine
renown,renown
brewfest,brewfest
algethar academy,algethar academy
ds,ds
jastor gallywix,jastor gallywix
mists tirna scithe,mists tirna scithe
hotfix,hotfix
scourge,scourge
face pull,face pull
ml,ml
stonevault,stonevault
dark portal opens,dark portal opens
ff,ff
lotc,lotc
build,build
master loot,master loot
crest,crest
darkflame cleft,darkflame cleft
crit,crit
pst,pst
azure span,azure span
attunement,attunement
wsg,wsg
mage,mage
bop,bop
vision nzoth,vision nzoth
dwarf,dwarf
ebyssian,ebyssian
squally,squally
horrific visions,horrific visions
interrupt,interrupt
teldrassil,teldrassil
smv,smv
patch,patch
def,def
aq,aq
arbiter,arbiter
dual spec,dual spec
cod,cod
hard res,hard res
p2w,p2w
priest talents,priest talents
elementals,elementals
jol,jol
ccg,ccg
raider,raider
motw,motw
sindragosa,sindragosa
fb,fb
comp,comp
druid,druid
farm,farm
soc,soc
bf,bf
five second rule,five second rule
niffen,niffen
venthyr,venthyr
val anyr,val anyr
broker,broker
kul tiran,kul tiran
proc,proc
adds,adds
hop,hop
dragonflight,dragonflight
stats,stats
earthen,earthen
nerub ar palace,nerub ar palace
excavation site 9,excavation site 9
darkshore warfront,darkshore warfront
root,root
seat primus,seat primus
hearthstone,hearthstone
ilevel,ilevel
timewalking,timewalking
buff,buff
tier,tier
dkp,dkp
ffa,ffa
necrotic wake,necrotic wake
garrison campaign,garrison campaign
pk,pk
bl,bl
magni,magni
battle dazaralor,battle dazaralor
cot,cot
dp,dp
assaults,assaults
stun,stun
ot,ot
tag,tag
mantacorn,mantacorn
visage,visage
amirdrassil,amirdrassil
ruins gilneas,ruins gilneas
zg,zg
andromeda,andromeda
warlock,warlock
inscription,inscription
covenant,covenant
iridikron,iridikron
guild bank,guild bank
drakks,drakks
wts,wts
revendreth,revendreth
solo shuffle,solo shuffle
bos,bos
l2p,l2p
shrine storm,shrine storm
lfg,lfg
za,za
legion invasions,legion invasions
wrathion,wrathion
hl,hl
hf,hf
sw,sw
shrouded affix,shrouded affix
talanji,talanji
reforging,reforging
nozdormu,nozdormu
raf,raf
void,void
ysera,ysera
radiant echoes,radiant echoes
pack,pack
vault incarnates,vault incarnates
city threads,city threads
awakened raids,awakened raids
vrykul,vrykul
ic,ic
hit,hit
sabellian,sabellian
stranglethorn,stranglethorn
exiles reach,exiles reach
cd,cd
port,port
titan forged,titan forged
vulpera,vulpera
mythic+,mythic+
uk,uk
transmog,transmog
zandalari,zandalari
skoldus hall,skoldus hall
korthia,korthia
raid finder,raid finder
bp,bp
amirdrassil dreams hope,amirdrassil dreams hope
alterac valley,alterac valley
keys,keys
torghast tower damned,torghast tower damned
diadem spell keeper,diadem spell keeper
mm,mm
rage starved,rage starved
vale eternal blossoms,vale eternal blossoms
hellfire citadel,hellfire citadel
seething shore,seething shore
raid,raid
troll,troll
brb,brb
wrath lich king,wrath lich king
pve,pve
sow,sow
hearth,hearth
blood elf,blood elf
zulaman,zulaman
gtfo,gtfo
gcd,gcd
death elementals,death elementals
level cap,level cap
carry,carry
argent tournament,argent tournament
party sync,party sync
sylvanas windrunner,sylvanas windrunner
tiragarde sound,tiragarde sound
brann bronzebeard,brann bronzebeard
gnolls,gnolls
valor,valor
magisters terrace,magisters terrace
turalyon,turalyon
robodrome,robodrome
thrall,thrall
cross realm battlegrounds,cross realm battlegrounds
demon soul,demon soul
hero talent,hero talent
void elf,void elf
wpvp,wpvp
stormrook,stormrook
malygos,malygos
battle azeroth,battle azeroth
st,st
ruins lordaeron,ruins lordaeron
maraudon,maraudon
cleave,cleave
lc,lc
lw,lw
tuskarr,tuskarr
azshara,azshara
jow,jow
sor,sor
halls infusion,halls infusion
ap,ap
lord kazzak,lord kazzak
trial valor,trial valor
vorkai,vorkai
brs,brs
erw,erw
tyrhold,tyrhold
tazavesh,tazavesh
malfurion stormrage,malfurion stormrage
squish,squish
theater pain,theater pain
boe,boe
kalecgos,kalecgos
pos,pos
hallowfall,hallowfall
camp,camp
kz,kz
ansurek,ansurek
rookery,rookery
kt,kt
maruuk,maruuk
joj,joj
fr,fr
cc,cc
floodgate,floodgate
roll threshold,roll threshold
naga,naga
kul tirans,kul tirans
azerite,azerite
gtaoe,gtaoe
kite,kite
sov,sov
group loot,group loot
valdrakken,valdrakken
ohnahra,ohnahra
tb,tb
vanilla,vanilla
fos,fos
orweyna,orweyna
efc,efc
murozond,murozond
addon,addon
pvp rp,pvp rp
ce,ce
dire maul,dire maul
gnomeregan,gnomeregan
baron revilgaz,baron revilgaz
underrot,underrot
order hall,order hall
hook point,hook point
dragon isles,dragon isles
twink,twink
vendor,vendor
gs,gs
roll,roll
gtg,gtg
lbrs,lbrs
ruins ahnqiraj,ruins ahnqiraj
ak,ak
sm,sm
fps,fps
sethrak,sethrak
stormwind,stormwind
org,org
premade,premade
adelgonn,adelgonn
bm,bm
slitherdrake,slitherdrake
npc,npc
bis,bis
priest,priest
mechagnome,mechagnome
burning crusade,burning crusade
sepulcher first ones,sepulcher first ones
waterworks,waterworks
dinar,dinar
spec,spec
hp,hp
ruby life pools,ruby life pools
brinthe,brinthe
fl,fl
mf,mf
faerie,faerie
gank,gank
drakonid,drakonid
worgen,worgen
kurdran wildhammer,kurdran wildhammer
stormsong valley,stormsong valley
anima conductor,anima conductor
gorloc,gorloc
battle,battle
caster,caster
night fae,night fae
nerubian,nerubian
skittering breach,skittering breach
ms,ms
healing,healing
irl,irl
lightforged draenei,lightforged draenei
icd,icd
murkastrasza,murkastrasza
tm,tm
temple sethraliss,temple sethraliss
tps,tps
void storage,void storage
naxxramas,naxxramas
hallows end,hallows end
ooc,ooc
prio,prio
dreamsurge,dreamsurge
rez,rez
heirlooms tab,heirlooms tab
pug,pug
pocket healer,pocket healer
primalist,primalist
azeroth,azeroth
broken shore,broken shore
ottuk,ottuk
ctra,ctra
healer,healer
tyrande whisperwind,tyrande whisperwind
eng,eng
isle conquest,isle conquest
hol,hol
necrolord,necrolord
boj,boj
eternal palace,eternal palace
gl,gl
dragonriding,dragonriding
crit cap,crit cap
overhealing,overhealing
torghast,torghast
nighthold,nighthold
cataclysm,cataclysm
skycapn kragg,skycapn kragg
mists pandaria,mists pandaria
tirnenn,tirnenn
drustvar,drustvar
kings rest,kings rest
db,db
tw,tw
castle nathria,castle nathria
dream wardens,dream wardens
alt,alt
dc,dc
zereth mortis,zereth mortis
bt,bt
blood troll,blood troll
crestfall,crestfall
icecrown citadel,icecrown citadel
main,main
warlords,warlords
tk,tk
dark ranger,dark ranger
mp5,mp5
uldir,uldir
hfp,hfp
av,av
kriegvals rest,kriegvals rest
shard,shard
black temple,black temple
m+,m+
fc,fc
dps,dps
chromie,chromie
cs,cs
lfw,lfw
blizzard,blizzard
ui,ui
nokhud offensive,nokhud offensive
legendary,legendary
nightfall,nightfall
hor,hor
delvers dirigible,delvers dirigible
pl,pl
threads fate,threads fate
kurog grimtotem,kurog grimtotem
respawn,respawn
portal room,portal room
auction house,auction house
hunter,hunter
bom,bom
machine speaker,machine speaker
ubrs,ubrs
bow,bow
dark heart campaign,dark heart campaign
fp,fp
sanguine depths,sanguine depths
use,use
traders tender,traders tender
boralus,boralus
paku,paku
coi,coi
dalaran,dalaran
alch,alch
dm,dm
kobolds,kobolds
equip,equip
velocidrake,velocidrake
cts,cts
demon hunter,demon hunter
pvp,pvp
oom,oom
rfc,rfc
warlords draenor,warlords draenor
faerin lothar,faerin lothar
dread pit,dread pit
terros,terros
bank alt,bank alt
role,role
gryphon,gryphon
copium,copium
loh,loh
mana wyrm,mana wyrm
rr,rr
bou,bou
gurubashi arena,gurubashi arena
wc,wc
draenei,draenei
dawnbreaker,dawnbreaker
motherlode,motherlode
seat triumvirate,seat triumvirate
mount,mount
arena,arena
shadows rising,shadows rising
bem,bem
proto dragon,proto dragon
maghar orc,maghar orc
clicker,clicker
mt,mt
bfa,bfa
dot,dot
silithus,silithus
priory sacred flame,priory sacred flame
reagent,reagent
boost,boost
soulbinding,soulbinding
soulbinds,soulbinds
blades edge arena,blades edge arena
voljin,voljin
equipment manager,equipment manager
tower damned,tower damned
paladin,paladin
superbloom,superbloom
isle queldanas,isle queldanas
covenant sanctum,covenant sanctum
karazhan,karazhan
grimla fizzlecrank,grimla fizzlecrank
classic era,classic era
tomb sargeras,tomb sargeras
fol,fol
warfront,warfront
bcrr,bcrr
dragonwrath tarecgosas rest,dragonwrath tarecgosas rest
heart azeroth,heart azeroth
lufsela,lufsela
ffs,ffs
hot,hot
ss,ss
neltharus,neltharus
wg,wg
aq20,aq20
scarlet monastery,scarlet monastery
bdp,bdp
classic,classic
runestag,runestag
ub,ub
epl,epl
fff,fff
log,log
dark portal,dark portal
trading post,trading post
maldraxxi,maldraxxi
mechagon,mechagon
plunderstorm,plunderstorm
draenor,draenor
battlegrounds,battlegrounds
regen,regen
grind,grind
brawlers guild,brawlers guild
ms os,ms os
tempest,tempest
gazlowe,gazlowe
rfk,rfk
arathi,arathi
kul tiras,kul tiras
ensorcelled everwyrm,ensorcelled everwyrm
bolvar fordragon,bolvar fordragon
multibox,multibox
gm,gm
stable master,stable master
voldun,voldun
dawn infinite,dawn infinite
alexstrasza,alexstrasza
magni bronzebeard,magni bronzebeard
crusaders coliseum,crusaders coliseum
neltharion,neltharion
oribos,oribos
timewalking campaigns,timewalking campaigns
priestess alunza,priestess alunza
elegy,elegy
gotw,gotw
nerubians,nerubians
kyrian,kyrian
mop remix,mop remix
scythid,scythid
tbc,tbc
burst,burst
darkmoon island,darkmoon island
feast winter veil,feast winter veil
undermine,undermine
sunwell plateau,sunwell plateau
tauren,tauren
temple ahnqiraj,temple ahnqiraj
pker,pker
war campaign,war campaign
warbringers,warbringers
alleria windrunner,alleria windrunner
wtt,wtt
antorus burning throne,antorus burning throne
sunken temple,sunken temple
maw,maw
heritage armor,heritage armor
merithra,merithra
warsong gulch,warsong gulch
cloth armor,cloth armor
eoe,eoe
goblin,goblin
clos,clos
rfd,rfd
dg,dg
xr,xr
deeprun tram,deeprun tram
emerald dream,emerald dream
abominable stitching,abominable stitching
despawn,despawn
bb,bb
mob,mob
naxx,naxx
tank,tank
charred behemoth,charred behemoth
ringing deeps,ringing deeps
rpg,rpg
dnd,dnd
noggenfogger,noggenfogger
fungal folly,fungal folly
reroll,reroll
broken isles,broken isles
mythic,mythic
cathedral eternal night,cathedral eternal night
sfk,sfk
warbands,warbands
dpm,dpm
wipe,wipe
warrior,warrior
dw,dw
shadehound,shadehound
elemental,elemental
war mode,war mode
rogue,rogue
nazmir,nazmir
aggro,aggro
anima wyrmling,anima wyrmling
ros,ros
rl,rl
skyriding,skyriding
shalehorn,shalehorn
azure vault,azure vault
bubble,bubble
khaz algar,khaz algar
tanking,tanking
ab,ab
hof,hof
zulgurub,zulgurub
aberrus,aberrus
darkmoon faire,darkmoon faire
transmogrification,transmogrification
primal incarnates,primal incarnates
helgarde keep,helgarde keep
soul eater,soul eater
hp5,hp5
rp pvp,rp pvp
res,res
dornogal,dornogal
officer,officer
stormrider,stormrider
lfm,lfm
itemization,itemization
hardcore wow,hardcore wow
crucible storms,crucible storms
merrix,merrix
rs,rs
sl,sl
ar,ar
zandalar,zandalar
zd,zd
sanctum domination,sanctum domination
dracthyr,dracthyr
hps,hps
warbound,warbound
onyxias lair,onyxias lair
mh,mh
justice points,justice points
gdkp,gdkp
pre raid bis,pre raid bis
legion,legion
ahnqiraj,ahnqiraj
min max,min max
brackenhide hollow,brackenhide hollow
artifact,artifact
vh,vh
sweaty,sweaty
uldaman,uldaman
hs,hs
faction assaults,faction assaults
os,os
time rift,time rift
d.r.i.v.e,d.r.i.v.e
aw,aw
ssc,ssc
aq40,aq40
ench,ench
thaldraszus,thaldraszus
arp,arp
echo isles,echo isles
bastion,bastion
dagran thaurissan,dagran thaurissan
ardenweald,ardenweald
shard bag,shard bag
antorus,antorus
aura,aura
def cap,def cap
turtle,turtle
blackwing lair,blackwing lair
shaman,shaman
blood trolls,blood trolls
pot,pot
ara kara,ara kara
battle lordaeron,battle lordaeron
nazjatar,nazjatar
firelands,firelands
evoker,evoker
great vault,great vault
anduin wrynn,anduin wrynn
allied race,allied race
dragon aspects,dragon aspects
end time,end time
nymue,nymue
vt,vt
hoj,hoj
jaina proudmoore,jaina proudmoore
forbidden reach,forbidden reach
nr,nr
fated raids,fated raids
energy starved,energy starved
war within,war within
recruit friend,recruit friend
geyarah,geyarah
battle darkshore,battle darkshore
dispel,dispel
ns,ns
spires ascension,spires ascension
bs,bs
maldraxxus,maldraxxus
zekvir,zekvir
op,op
aoe,aoe
druid talents,druid talents
arathi highlands,arathi highlands
fyrakk assaults,fyrakk assaults
hos,hos
kaluak,kaluak
bfd,bfd
death rising,death rising
df,df
sv,sv
ptr,ptr
brd,brd
dark iron dwarf,dark iron dwarf
plaguefall,plaguefall
lilian voss,lilian voss
monk,monk
covenants,covenants
halls atonement,halls atonement
zovaal,zovaal
ninja,ninja
drop,drop
hit cap,hit cap
ataldazar,ataldazar
ruby sanctum,ruby sanctum
khadgar,khadgar
sp,sp
delves,delves
nightborne,nightborne
eternal ones,eternal ones
childrens week,childrens week
ulduar,ulduar
arathi basin,arathi basin
blackrock spire,blackrock spire
cinderbrew meadery,cinderbrew meadery
epgp,epgp
opener,opener
first aid,first aid
togc,togc
boa,boa
los,los
tol dagor,tol dagor
talent,talent
chains domination,chains domination
moira thaurissan,moira thaurissan
dastardly duos,dastardly duos
bok,bok
inc,inc
ohb,ohb
wraithchill,wraithchill
island expedition,island expedition
zuldazar,zuldazar
