term,category
1-point,
1-shot,
1.1.0,
1.10.0,
1.11.0,
1.12.0,
1.2.0,
1.3.0,
1.4.0,
1.5.0,
1.6.0,
1.7.0,
1.8.0,
1.9.0,
10 man,
10-man,
10.0.0,
10.0.2,
10.0.5,
10.0.7,
10.1.0,
10.1.5,
10.1.7,
10m,
10man,
10mans,
1h,
2 chest,
2 chested,
2 chesting,
2-handed,
2-hander,
2-minute class,
2-minute spec,
2-piece,
2-point,
2.0.1,
2.1.0,
2.2.0,
2.3.0,
2.4.0,
20 man,
20-man,
20m,
25 man,
25-man,
25m,
25man,
25mans,
2h,
2h frost,
2min,
2pc,
2set,
3 chest,
3 chested,
3 chesting,
3-day,
3.0.2,
3.1.0,
3.2.0,
3.3.0,
4-piece,
4-set,
4.0.1,
4.1.0,
4.2.0,
4.3.0,
40-man,
4head,
4pc,
4set,
5 man,
5 mans,
5-man,
5.0.4,
5.1.0,
5.2.0,
5.3.0,
5.4.0,
5man,
5mans,
6.0.2,
6.1.0,
6.2.0,
7.0.3,
7.1.0,
7.2.0,
7.3.0,
8.0.1,
8.1.0,
8.2.0,
8.3.0,
9.0.1,
9.0.2,
9.1.0,
9.1.5,
9.2.0,
a murder of crows,
a-tier,
aa,
ab,
abarr,
abc,
aberrus,
abom,
absorb,
abt,
ac,
account-bound,
account-wide,
achieve,
achievement,
acti-blizz,
ad,
adaptive warding,
add,
add-on,
add-ons,
addon,
addons,
adds,
adept,
adrenaline rush,
ads,
ae,
aegwynn,
aerie peak,
af,
afaik,
aff,
aff lock,
affix,
afflic,
afk,
afking,
afks,
afs,
ag,
agamaggan,
aggramar,
aggro,
aggroed,
agi,
agility,
agony,
ah,
ai,
aimed shot,
air ascendant,
ais,
ak,
akama,
alexstrasza,
alleria,
alliance,
alliance-side,
allied race,
alpha,
alpha predator,
alt,
alt+f4,
alt-f4-ing,
alt-friendly,
alt-tab,
alt-unfriendly,
altar of storms,
alter time,
alterac mountains,
altoholic,
alts,
aman thul,
amb,
ambush,
amirdrassil,
amiright,
amn,
amoc,
amp,
ams,
amz,
ancconc,
ancestral spirit,
andie,
andorhal,
andy,
anetheron,
anger management,
angerforge,
angry,
anima,
anit-ripcord,
ankh,
anni,
ansurek,
anti-caster,
anti-flying,
anti-fun,
anti-gdkp,
anti-magic,
anti-magic shield,
anti-melee,
anti-mler,
anti-player,
anti-rdf,
antonidas,
antorus,
anub arak,
anubarash,
anvilmar,
ao,
aoe,
aom,
aoo,
aotb,
aotc,
aotd,
aoth,
aotp,
aotv,
aotw,
aow,
ap,
apm,
apoc,
apoth,
apprentice,
apt,
aq,
aq20,
aq40,
aquatic form,
ar,
ara ara,
ara kara,
ara-kara,
arak,
arathi highlands,
arathor,
arc,
arcane affinity,
arcane barrage,
arcane blast,
arcane explosion,
arcane intellect,
arcane missiles,
arcane resistance,
arcane surge,
arcane torrent,
archimonde,
arcing,
arctic bola,
arcway,
ardent defender,
area,
area 52,
arena,
arenas,
arf,
argent dawn,
arka,
arm,
armor set,
arms warrior,
army,
army of the dead,
arthas,
artifact,
arugal,
arygos,
asc,
ashkandi,
cheetah,
hawk,
turtle,
aspect,
viper,
ass pull,
ass pulled,
ass pulling,
assist,
astral recall,
atdh,
atiesh,
atm,
atsc,
attack power,
auchindoun,
aug,
auggy,
augvoker,
augvokers,
aura,
aura mastery,
aura radii,
auto,
auto-attacking,
auto-attacks,
auto-fly,
auto-invite,
auto-loot,
auto-proccing,
auto-run,
auto-shifting,
auto-target,
autoattack,
autoattacked,
autoattacking,
av,
ava,
avenger judgment,
avenger s shield,
avenging wrath,
aw,
aws,
az,
azeroth,
azgalor,
azjol-nerub,
azshara,
azuremyst,
azuresong,
b-net,
b-tag,
b-tags,
b-tier,
ba,
baby keys,
backpedal,
backpedaling,
backpedals,
backpeddling,
backstab,
bad luck protection,
baddie,
baelgun,
bagnon,
bags,
bait,
balnazzar,
banish,
banshee,
barbed shot,
bark,
barkskin,
barrage,
barrens,
barrens quests,
barrier,
barthilas,
bash,
bastion,
battle,
battle rush,
battle shout,
battlegear of eternal justice,
battlegear of might,
battlegear of unyielding strength charge,
battlegroup,
bb,
bbl,
bcleave,
bcomp,
bd,
bdb,
bdk,
bdks,
beacon,
bear,
bear armor,
bear form,
bear form passive,
bear rage,
beard,
bearweaving,
beast cleave,
beast lore,
beast mastery hunter,
beast slaying,
beastcleave,
belf,
belves,
benching,
bender,
bene,
benediction,
berserker rage,
berserking,
bestial wrath,
beta,
bf,
bfa,
bfd,
bfn,
bfrenzy,
bfur,
bg,
bgs,
bh,
biblethump,
binding,
binding heal cost,
bio,
bis,
bl,
black dragonflight,
blackhand,
blackrock,
blackwater raiders,
blackwing lair,
blade flurry,
blade s edge,
blade turning,
bladefist,
bladestorm,
blast,
blast wave,
blasted lands,
blasting,
bleeding hollow,
blessing of dehta,
blessing of freedom,
blessing of protection,
blessing of sacrifice,
blessings,
blind,
blinding sleet,
blink,
blink cooldown,
blitz,
bliz,
blizz,
blizzard,
block,
blood death knights,
blood dk,
blood dks,
blood elf,
blood elves,
blood furnace,
blood fury,
blood lust,
bloodbound horror,
bloodfang,
bloodhoof,
bloodlust,
bloodsail buccaneers,
bloodscalp,
bloodthirst,
bloodthirst and mortal strike,
bloom,
blossom,
blp,
blt,
blue,
blue pos,
blue post,
blues,
bm,
bm hunter,
bnet,
bns,
boa,
bob,
bod,
body pull,
body pulled,
body pulling,
boe,
bof,
boi,
bois,
boj,
bok,
bol,
bola,
bom,
bomb,
bone chilling,
bonechewer,
boo,
boomkin,
boomkins,
boomy,
boomys,
booped,
boosted,
booster,
boosting,
bop,
borean tundra,
borf,
bos,
boss,
bosses,
bot,
botter,
botters,
botting,
bou,
boulderfist,
bov,
bow,
bp,
br,
brain freeze,
branny boy,
brb,
brc,
brd,
breath,
breath of sindragosa,
bres,
brew,
brez,
brf,
brh,
brick,
bricked,
bricking,
brm,
broken,
bronzebeard,
broodtwister,
broodtwister ovinax,
brs,
brt,
bruh,
brutal companion,
bs,
bt,
btag,
btags,
bte,
bubble,
bubble hearth,
bubblehearth,
buff,
buffs,
builder,
burning blade,
burning legion,
burst,
bursty,
button bloat,
button mash,
button mashing,
bv,
bw,
bwd,
bwl,
c-tier,
c2h,
ca,
caelestrasz,
cage,
cairne,
call of eskhandar,
call of the wild,
camo,
camouflage,
camp,
camping,
cancer,
cannibalize,
cap,
capped,
carebears,
carries,
carry,
carrying,
carver,
cash shop,
caster,
caster mw,
casters,
casual-friendly,
casuals,
cat agility,
cat energy,
cat form,
cata,
catalyst,
cateweave,
cath,
catue,
catweaving,
caus,
causal,
caut,
cb,
cbt,
cc,
ccing,
ccp,
ccs,
cd,
cdf,
cdr,
cds,
ce,
cenarion circle,
cenarius,
cf,
cg,
ch,
chad,
chain,
chain heal,
chain healing wave,
chain lightning,
chain reaction,
chains,
chains of ice,
chakram,
challenging shout,
chants,
character-specific,
characters,
charge,
cheap shot,
cheat,
cheat death,
check-pvp,
chill streak,
chl,
cho gall,
chromaggus,
chunked,
ci,
cif,
circle,
cj,
cjl,
cl,
clap,
class fantasy,
class tuning,
class-restricted,
class-specific,
classic,
clean escape,
cleanse,
clearcasting,
cleave,
clefthoof,
clicker,
clickers,
clip,
clipped,
cloak of shadows,
clos,
closet,
cloth wearers,
cloth wearing,
clothie,
clothies,
clown,
clown fiesta,
clowns,
cm,
cms,
cn,
co-gm,
co-tank,
coa,
cobra,
cobra sting,
cobracobra shot,
coc,
cod,
coe,
coex,
coh,
coi,
coilfang,
col,
cold front,
cold heart,
combat rogue,
combo points,
combo point,
comboing,
comet storm,
command,
commanding shout,
comp,
conc,
concussive shot,
concussive shot cooldown,
cone of cold,
conflag,
conflagrate,
congrats,
conjure mana gem,
conjured item,
conq,
conqueror shout,
conqueror thunder clap,
cons,
consecration,
consumables,
convoke,
cookies,
cooldown,
cooldowns,
copium,
cor,
corr,
corrupted fear,
corruption,
corruption and immolate,
corruption immolate,
cos,
cot,
cotdawn,
cotw,
counter shot,
counterspell,
cov,
cow,
cox,
coy,
cp,
cr,
cracked,
crafting orders,
crash,
cray-cray,
create healthstone,
create soulwell,
creeping death,
crests,
crippling,
crippling poison,
crit,
crit damage,
critical hit chance,
critical holy,
critical spell,
crits,
cross faction,
cross realm,
cross-faction,
cross-realm,
cross-region,
crows,
crusader aura,
crusader s wrath,
crusader strike,
crushridge,
crypts,
cs,
ct,
cto,
ctr,
cttc,
cut to the chase,
cult,
cultivation,
cupid cleave,
curse of weakness,
customization,
cutscene,
cutting-edge,
cv,
cw,
cwb,
cyclone,
d-bag,
d-tier,
da,
dab,
dad,
daggerspine,
daily,
dal,
dalaran,
dalvengyr,
dam,
dam - intellect,
damage,
damage done,
dark iron,
dark rangers,
darkspear,
darn,
darrowmere,
dash,
dath remar,
dawn,
dawnbreaker,
dawnbringer,
db,
dbm,
dbts,
dc,
dcr,
de,
deadly poison,
deadmines,
death and decay,
death chakram,
death knight,
death knights,
death s advance,
deathdealer,
deathwing,
debuff,
dec,
decurse,
deep shatter,
def,
defensives,
degen,
degens,
demo,
demo lock,
demon soul,
demonic ally,
demoralizing shout,
denounce,
dentarg,
deplete,
derail,
despawn,
despawns,
desperate prayer,
dest,
destro,
destro lock,
destromath,
detect traps,
deter,
deterrence,
dethecus,
detheroc,
dev,
deva,
devastate,
devilsaur teeth,
devo,
devoke,
devokers,
devotion aura,
devs,
df,
dfs1,
dfs2,
dfs3,
dfs4,
dg,
dh,
dhc,
dhs,
dht,
diaf,
dif,
diplomacy,
dire beast,
dire command,
dire frenzy,
dire maul east,
dire maul west,
dire pack talent,
dis,
disarm duration,
disc,
disengage,
dismiss pet,
dispatch,
dispel,
dispel magic,
disspelling,
distract,
ditw,
divine aegis,
divine favor cooldown,
divine protection,
divine shield,
dk,
dkp,
dks,
dl,
dla,
dm,
dme,
dmf,
dmg,
dmn,
dmw,
dn,
dnd,
dnm,
do not stand in,
doc,
docj,
docks,
dod,
dodge,
dom,
doom,
doomcaller immolate,
doomcaller,
doomguard,
doomhammer,
dorn,
dos,
dot,
dot heals,
doti,
dotted,
dotting,
double time,
downrank,
dp,
dpe,
dpm,
dps,
dpsed,
dpser,
dpsin,
dpsing,
dr,
dracs,
dracthyr,
drae,
draenor,
dragon ride,
dragon riding,
dragon roar,
dragon s breath,
dragonbane,
dragonblight,
dragonflight,
dragonmaw,
drain life,
drak tharon,
drak thul,
draka,
drakonids,
dre,
dreadmaul,
dreadsteed,
dreamwalker,
drenden,
drinking,
drop,
drop combat,
drop rates,
drops,
druid,
drums,
drw,
ds,
dsi,
dst,
dstance,
dt,
dual wield,
dual-wielding,
duel,
dueling,
dufug,
dufuq,
dummy,
dumpster fire,
dumptstered,
dunemaul,
dung,
durotan,
duskwood,
dw,
dwayne,
dwf,
e-peen,
e-peens,
ea,
eagle,
eagle eye,
earth,
earth shield,
earth shock,
earthbind totem,
earthen ring,
earthfury,
eb,
ebf,
ebonbolt,
ec,
echo,
echo isles,
ed,
ee,
ef,
efc,
effective healing,
efflo,
efr,
eh,
eitrigg,
ek,
el,
eldre thalas,
ele,
elemental,
elemental shaman,
vulnerability,
elixir master,
els,
elune,
elusiveness,
elvui,
elw,
emblems of veiled shadows,
emerald dream,
emp,
empower rune weapon,
en,
enchant,
encounter,
end game,
end-game,
end-of-dungeon,
end-of-season,
endgame,
endless rage,
endurance,
eng,
engi,
engineering,
engy,
enh,
critical strike,
sunder armor,
enhancement,
enhancement shaman,
enigma blizzard,
enigma resist,
enm,
enrage,
enraged regeneration,
entangling roots,
env,
envenom,
eoa,
eoe,
eogs,
eoi,
eonar,
eot,
eote,
eots,
eott,
ep,
epi,
epics,
epiphany,
epl,
eq,
er,
era,
erad,
eranikus,
eredar,
erupt,
erw,
es,
escape artist,
esh,
esp,
esports,
essb,
etl,
eva,
evasion,
everbloom,
eversong woods,
evis,
evisc,
eviscerate,
evo,
evocation,
evoker,
ew,
ewt,
exe,
exec,
execute,
execute damage,
executus,
exhil,
exhilaration,
exo,
exodar,
expac,
expacs,
expansive mind,
expertise,
explo,
explo shot,
explosive shot,
expose weakness,
exsg,
eye of kilrogg,
ez,
ez pz,
ezpz,
f,
f-tier,
f2p,
fa,
face pull,
face pulled,
face pulling,
face-roll,
face-tanked,
faceroll,
faction-specific,
fade,
faerie fire,
faerlina,
faith,
fallen crusader,
far sight,
farm,
farmers,
farming,
farstriders,
fatal flourish,
fb,
fc,
fd,
fdk,
fe,
fear,
feast,
feasts,
feather,
feathermoon,
feed pet,
feeding,
feelsbadman,
feelsgoodman,
feign,
feign death,
feint,
fel,
fel werebear,
felguard,
feline grace,
felsteed,
fenris,
feral druid,
feral healing touch,
feral instinct,
ferals,
ferocious bite,
ferocity pet,
ff,
ff14,
ffa,
ffg,
ffs,
ffw,
ffxiv,
fg,
fh,
fheal,
fi,
fiend,
fingers of frost,
finisher combo,
finishers,
fire blast,
fireball,
firebolt,
firetree,
fists of fury,
fistweaver,
fistweaving,
fizzcrank,
fl,
flag,
flagged,
flame ascendant,
flamed,
flamestrike,
flametongue attack,
flamewaker,
flaming,
flare,
flash heal,
flash of light,
flask,
fleet footed,
flh,
flight,
floes,
fls,
flurry,
fm,
fmp,
fn,
fnb,
fo,
focus,
focus adds,
focus boss,
focus damage,
focus target,
focused damage,
focused will,
fodder,
foe,
fof,
foj,
fok,
fol,
fon,
font,
food buff,
force of nature,
forsaken,
fort,
fort bear,
fortified,
fortitude of the bear,
fos,
fotb,
fote,
fotm,
fott,
four-set,
fourth war,
fox,
fp,
fps,
fr,
fractured frost,
frb,
free finisher chance,
free-for-all,
freedom,
freeze,
freezing cold,
freezing rain,
freezing trap,
freezing winds,
frenzied regeneration,
frenzy,
frenzy stacks,
fresh meat,
friendly nukes,
frontal,
frontals,
frontload,
frontloaded,
frontloading,
frost,
frost dk,
frost dks,
frost fever,
frost mage,
frost nova,
frost resistance,
frost shock,
frost strike,
frostbolt,
frostmane,
frostmourne,
frostscythe,
frostwolf,
frostwyrm s fury,
frothing berserker,
frozen orb,
frozen shadoweave,
frozen touch,
frr,
frs,
fs,
fsc,
fsk,
ft,
fta,
ftd,
ftf,
ftfy,
fth,
ftl,
fts,
fttf,
ftw,
full fear,
full sheep,
full stun,
full wipe,
fun detected,
funnel,
funneled,
furious slash,
fury warrior,
fv,
fw,
fwf,
g2g,
ga,
galakrond,
galleon,
gambit,
gank,
ganked,
ganker,
ganking,
gar,
garithos,
garona,
garrosh,
garrote,
gate,
gateway,
gathering storm,
gb,
gc,
gcd,
gcds,
gd,
gdkp,
gdkps,
gear,
gear-check,
gem,
gemcutting,
genesis rebirth,
germ,
get score,
gf,
gftt,
gg,
ggers,
ggs,
ggz,
gh,
gheal,
ghost wolf,
ghostlands,
gi,
gift of the naaru,
giga,
gigachad,
gilneas,
gimp,
gimped,
ginv,
git,
git gud,
gj,
gkick,
gkicked,
gl,
glacial advance,
glacial assault,
glacial spike,
glhf,
global cooldown,
globaled,
globals,
gloom,
gm,
gms,
gnomer,
gnomeregan,
gnomish engineer,
goa,
goak,
goat,
goated,
goblin engineer,
god-tier,
godcomp,
goe,
gom,
gorefiend,
gorgonnash,
gosac,
gotc,
gotd,
gotox,
gotw,
gouge,
gouge cooldown,
gow,
gp,
gratz,
greater invisibility,
green,
greens,
greymane,
grief,
griefers,
griefing,
grim batol,
grimrail,
grind,
grindy,
grip,
grizzly hills,
grobbulus,
grounding totem,
growl,
grp,
gruul,
gs,
gsw,
gt,
gtfo,
gtg,
gud,
guid,
guild,
guild hop,
guild hopped,
guild hopping,
guild-hopping,
guild-run,
guildie,
guildmates,
guildy,
gul dan,
gundrak,
gurubashi,
gv,
gw,
gy,
gzz,
h,
hailstones,
hakkar,
hammer of justice,
hammer of wrath,
hamstring,
haomarush,
hard-cast,
hard-casting,
hard-stuck,
hardcap,
hardiness,
harmony,
haste,
hati,
hb,
hc,
head rush,
heal,
heal refund,
heal renew,
healer,
healers,
healing stream totem,
healing surge,
healing touch,
healing wave,
heals,
health funnel,
hearth,
heirloom,
hellscream,
hemo,
herb,
herbing,
hero,
hero class,
hero talents,
hero track,
heroic,
heroic leap,
heroic presence,
heroics,
heroism,
het,
hf,
hfc,
hfp,
hfr,
hh,
hi-explo,
hibernate,
high elves,
high explosive trap,
high keys,
high-end,
hillsbarad foothills,
hit,
hks,
hl,
hm,
ho,
hoa,
hod,
hof,
hog,
hoi,
hoj,
hol,
holy fire,
holy knights,
holy light,
holy light crit,
holy paladin,
holy power,
holy shield block value,
holy shock,
holy spark,
holy spec,
holy word sanctify,
holy word serenity,
holypal,
honor,
hoo,
hop,
hopo,
hor,
horde,
horde-side,
horn of winter,
hos,
hot,
hotfixed,
hotfixes,
hotp,
hotr,
hots,
hotted,
hotting,
hotw,
hov,
howl of terror,
howling blast,
hp,
hpal,
hpals,
hpm,
hpriest,
hpriests,
hps,
hr,
hs,
hst,
ht,
htt,
hud,
hunt,
huntard,
hunter,
hunter s mark,
hunter s prey,
hw,
hwave,
hwc,
hydra s bite,
hydras,
hydraxis,
hyjal,
hymn,
hype,
hyper,
hyperspawn,
ia,
iamf,
iaoth,
ib,
ibf,
ibtl,
ic,
icc,
ice barrier,
ice block,
ice caller,
ice cold,
ice floes,
ice lance,
ice nova,
icebound fortitude,
icecrown,
icy citadel,
icy propulsion,
icy talons,
icy veins,
icy-veins,
icyveins,
idc,
idd,
idm,
ids,
iftk,
ignition,
ignore pain,
iirc,
ik,
ikr,
il,
ilevel,
ilevels,
illidan,
ilvl,
ilvls,
imba,
imho,
immo,
immolate,
immune,
in-combat,
in-game,
inc,
incanter s flow,
incanters,
incapacitating roar,
incarn,
tree of life,
incarnation,
incin,
incinerate,
inexorable assault,
inferno,
infinite wisdom,
inn,
inner rage,
innerv,
innervate,
inq,
insta,
insta-cast,
instant-cast,
int,
intellect,
intercept,
intervene,
intimidating shout,
intimidation,
intive,
inv,
invigorate,
invis,
invisibility,
io,
ioc,
iol,
ip,
ir,
irl,
iron docks,
ironweave,
isle of quel-danas,
iss,
item,
item drop,
item level,
item levels,
iv,
iw,
jaedenar,
jailor,
jaithys,
jank,
janky,
jargon,
jb,
jc,
jebaited,
jelly,
jenkins,
jfc,
ji,
jol,
journeyman,
js,
jss,
jubei thos,
judgment,
judgment cost,
judgment group heal,
judgment of command,
judgment of light,
juiced,
juke,
jungle cleave,
jv,
kael thas,
kalecgos,
kalimdor,
kap,
kappa,
kara,
kargath,
kb,
kc,
kcleave,
kek,
kekw,
kel thuzad,
key,
keybinds,
keyboard turner,
keys,
kfc,
khadgar,
khaz goroth,
khaz modan,
ki,
kick,
kick weaving,
kidney shot,
kil jaeden,
kill cleave,
kill command,
kill shot,
killer instinct,
killing machine,
kilrogg,
kings,
kir,
kirin tor,
kit,
kite,
kited,
kiting,
kittyweave,
kittyweaving,
km,
knockback,
knockbacks,
ko,
korgath,
korialstrasz,
kos,
kr,
ks,
ksh,
ksm,
ksp,
kul tiras,
kung fu cleave,
kyveza,
kye,
l2p,
lag,
lagfest,
lagged,
laggy,
lags,
last stand,
latent,
latent poison,
laughing skull,
lava-forged cogwheel,
lawbringer,
lay hands,
lay on hands,
lb,
lbrs,
lc,
lck,
ld,
leap,
leashing,
leather daddies,
leather daddy,
leavers,
leeroy,
legendary,
leggo,
leggos,
legion,
legion time walking,
lego,
legos,
lesser spell blasting,
lethon,
leveling,
levitate,
levitation,
lf,
lfd,
lfg,
lfm,
lfr,
lh,
lhw,
li,
lib,
life tap,
lifebloom,
lightbringer,
lightning,
lightning bolt,
lightning s blade,
lightning shield,
lightninghoof,
lis,
living bomb,
living stratholme,
llane,
lm,
lmt,
lnl,
lock,
lockout,
lod,
lof,
logout,
logs,
loh,
lom,
lonely winter,
looms,
loot,
loot-locked,
lore-breaking,
lore-wise,
loremaster,
los,
lotfw,
lothar,
lotm,
lotn,
lotp,
lott,
low key,
low keys,
lowbie,
lowbies,
lp,
lpi,
lr,
ls,
lsd,
lul,
lulz,
lunge,
lust,
lusted,
lusting,
lvb,
lvl,
lw,
m kt,
m +,
m+,
m0,
m0s,
madoran,
maelstrom,
maelstrom weapon chance,
mag,
mage,
mage tower,
magtheridon,
maiev,
maim,
main,
main-hand,
mained,
maining,
mal ganis,
maladath,
malfurion,
malorne,
malygos,
mana,
mana cost,
mana gem,
mana regen,
mana regen proc,
mana restore,
mana spring totem,
mana surge,
mana tide totem,
mangle,
mankrik,
mannoroth,
map,
mara,
marileth,
mark,
mark of the wild,
mas,
mashing,
mass,
mass dispel,
mass-pull,
mass-recruitment,
master loot,
master of the elements,
master of time,
masterlooter,
mastery ignite,
mats,
maul,
maw,
max level,
max-level,
maxxed,
mb,
mc,
md,
mdi,
mdps,
meat cleaver,
mech,
mechagon,
mechanics,
medi,
meditation,
medivh,
mega-dungeon,
meld,
melee,
melt,
meme spec,
memeing,
mend pet,
merc,
mercing,
meta,
meta group,
meta groups,
meta-achievement,
meta-chaser,
meta-crutching,
metas,
mf,
mfd,
mfi,
mgt,
mh,
mi,
mid-cast,
mid-combat,
mid-dungeon,
mid-fight,
mid-key,
mid-pack,
mid-raid,
mid-range,
mid-run,
mid-season,
mid-tier,
mighty bash,
mil,
min-max,
min-maxers,
mind blast,
mind control,
mind flay,
mind flay and smite,
mind soothe,
mind vision,
mines,
mini-boss,
mini-bosses,
mini-map,
mini-raid,
minimap,
mining,
minor movement speed,
mirror image,
mirrors,
mis,
misdirection,
misery,
misha,
mists,
mistweaver,
mitigate,
ml,
mlp,
mls,
mm,
mm hunter,
mmo-champion,
mmr,
mob,
mobs,
moc,
mod,
mode,
mog,
mogged,
mogging,
mogs,
mogushan,
mok nathal,
mol,
monk,
monkas,
moon guard,
mooncloth boots,
moonfire,
moonfire duration,
moonfire mana,
moonkin form,
moonkin healing touch,
moonrunner,
moons,
mop,
mortal coil,
mortal strike,
mortal strike and bloodthirst,
mos,
mot,
motc,
motd,
mote,
motes,
mots,
motw,
mount,
mouseover,
mow,
mowing,
mp,
mp5,
mplus,
mr,
ms,
mst,
msv,
msw,
mt,
mtt,
mug thol,
muh parse,
multi,
multi dollar company,
multi-box,
multi-boxed,
multi-boxer,
multi-boxers,
multi-boxing,
multi-dollar,
multi-dollar company,
multi-dollar-company,
multi-dot,
multi-dotting,
multi-role,
multi-shot,
multi-spec,
multi-tapped,
multi-target,
multiboxer,
multiboxers,
multidollar company,
multipulls,
multitarget,
muradin,
murderball,
murderballs,
murderous efficiency,
muti,
mutilate,
mw,
mwf,
mystic touch,
myth,
myth track,
myth tracks,
mythic,
mythic+,
mythics,
myzrael,
na,
naaru,
nagrand,
narnia,
nathrezim,
nature resistance,
nature s ally,
nature s bounty,
nature s guardian,
nature s swiftness,
naxx,
nazgrel,
nazjatar,
nb,
nbd,
ne,
neck,
neckbeard,
necro,
necrotic,
necrotic wake,
nelf,
nelt,
nelth,
nelves,
ner zhul,
nerf,
nerfed,
nerfing,
nerfs,
nerub-ar,
nerub-ar palace,
nesingwary,
netherwind focus,
nevermind,
newb,
newbs,
nexus,
nexus-princess,
nexus-princess kyveza,
nf,
ng,
nh,
night elves,
nightstalker,
ninja,
nl,
nm,
no lifers,
no-lifers,
nochanges,
nokhud,
non-affix,
non-class,
non-combat,
non-crit,
non-dps,
non-elite,
non-guild,
non-healer,
non-instanced,
non-meta,
non-mythic,
non-playable,
non-pvp,
non-raid,
non-raider,
non-raiders,
non-raiding,
non-rp,
non-tank,
non-tier,
nonaffix,
noncombat,
nonmeta,
noob,
noobie,
noobs,
nordrassil,
norgannon,
not there,
nova,
npc,
npcs,
nr,
ns,
nt,
nuke,
nuked,
numbing poison,
nurturing instinct,
nw,
nyalotha,
nya,
ob,
oblivion,
oce,
off pieces,
off set,
off-hand,
off-hands,
off-heals,
off-meta,
off-set,
off-spec,
off-tank,
offensive,
offhealing,
offheals,
offtank,
offtanked,
offtanking,
og,
ohf,
ok,
old blanchy,
old world,
old-world,
omegalul,
omen of clarity,
omw,
on-use,
one shot,
one-handed,
one-hander,
one-shot,
one-shots,
one-shotting,
oneshots,
ony,
onyxia,
ooc,
oof,
oom,
op,
open-world,
ops,
oracle healing,
orb,
orbs,
orcs,
orders,
org,
orgrimmar,
os,
ot,
otw,
out heal,
out-dps,
out-heal,
out-simming,
outdps,
outgearing,
outheal,
outland,
outplayed,
over-tuned,
overcap,
overcapped,
overcapping,
overhealing,
overpower,
overtuned,
ovinax,
owl,
owlweave,
owlweaving,
owtp,
p2w,
pack,
pagle,
pain suppression,
palace,
paladin,
paladins,
pallies,
pally,
pallys,
panda,
pandaren,
papega,
para,
parry,
parry chance,
parse,
parsers,
parsing,
party,
party-wide,
passives,
pat,
patch,
path of frost,
pathfinder,
pathfinding,
pathing,
paw,
pay-to-win,
pb,
pbaoe,
pct,
pe,
peddling,
peel,
peeled,
peeling,
peels,
pepe,
pepega,
pepehands,
perenolde,
perpetual winter,
personals,
pest,
pet healing,
pet mana regen,
pet stables,
pf,
phase,
pi,
pick lock,
pick pocket,
piercing,
piercing fangs,
piercing howl,
pillar,
pillar of frost,
ping,
pita,
pk,
pl,
pla,
plagueheart,
plaguelands,
plagues,
plate weares,
plate wearing,
plate-wearing,
play ah,
play-style,
playstyle,
pleb,
plebs,
plvl,
pocket,
pof,
pog,
pogchamp,
poggers,
poh,
poison,
poison injection,
poisons,
poly,
polymorph,
pom,
port,
portal,
portal darnassus,
portal exodar,
portal ironforge,
portal orgrimmar,
portal shattrath,
portal silvermoon,
portal stormwind,
portal system,
portal thunder bluff,
portal undercity,
ports,
pos,
post-nerf,
post-patch,
pot,
potds,
potion,
potion master,
potm,
pots,
potw,
power infusion,
power level,
power leveled,
power leveling,
power word fortitude,
power word shield,
powerlevel,
powerleveling,
pp,
pr,
prayer of healing,
prayer of mending,
pre-boost,
pre-cast,
pre-expansion,
pre-launch,
pre-made,
pre-mades,
pre-nerf,
pre-nerfs,
pre-patch,
pre-pots,
pre-pull,
pre-quest,
pre-raid,
pre-squish,
pre-xpac,
precast,
predatory swiftness,
premade,
premaders,
premades,
premed,
prep,
prepatch,
prepots,
prepull,
pres,
prevoker,
priest,
primal blessing,
primal rage,
pro-btag,
pro-ml,
pro-tagger,
pro-taggers,
proc,
proccing,
procs,
prodigious,
prog,
progging,
prophecy,
prot,
prot war,
prot wars,
proudmoore,
prowl,
ps,
pst,
psurge,
psychic scream,
ptr,
pug,
pug killer,
pugging,
pugs,
pugstomp,
pugstomping,
pull,
pummel,
purge,
purify,
push io,
push score,
pushback,
pushbacks,
pushing,
pve,
pvers,
pvp,
pvp-centric,
pvp-ing,
pvped,
pvper,
pvpers,
pvping,
pw,
pw shield,
pwave,
pws,
pyro,
pyroblast,
qa,
qa pla,
qd,
qfe,
qft,
qg,
qi,
qol,
qq,
qs,
queen ansurek,
quel,
quel dorei,
quel thalas,
quel-thalas,
quest-chain,
quest-line,
quickness,
quiver,
r1,
r2,
r3,
r4,
r5,
ra,
race-change,
rag,
rage,
raging blow,
raid,
raid-level,
raid-wide,
raidbots,
raiderio,
raiders,
raids,
rain of fire,
raine s revenge,
raise dead,
rake,
rally,
rallying cry,
ramp,
ramps,
rando,
randoms,
randos,
ranger general,
rap,
rapid fire,
rare loot,
rares,
rashanan,
raszageth,
rat,
rav,
ravencrest,
ravenholdt,
raw damage,
raw dmg,
ray,
ray of frost,
raz,
razorice,
rb,
rbg,
rbgs,
rc,
rd,
rdf,
rdps,
rdruid,
rdruids,
re-adding,
re-boosting,
re-equip,
re-farm,
re-log,
re-log,
re-queue,
re-roll,
re-rolling,
re-subbing,
re-summon,
reactive fade,
reagent,
reagents,
rebirth,
reck,
recklessness,
recruit-a-friend,
recuced holy light cast time,
redemption,
regeneration,
regrowth,
regrowth cast,
reincarnation,
rejuv,
rejuvenation,
rejuvenation dodge,
rejuvenation duration,
rekt,
relic,
reloadui,
relog,
relogging,
rem,
remorseless winter,
remove corruption,
remove curse,
remulos,
rend,
renew,
rep,
repentance,
replayable,
reputation,
reroll,
res,
reset,
residentsleeper,
reskinned,
reso,
respawn,
respawns,
respec,
resto,
restoration,
restoration druid,
restoration shaman,
resub,
resubbing,
resurgence,
resurrection,
ret,
retribution aura,
retribution,
revealed flaw,
revenge,
revenge trigger,
reverb,
revitalize,
revive pet,
rexxar,
rez,
rezzing,
rf,
rfc,
rfd,
rfk,
rh,
ri,
righteous defense,
righteous fury,
ring,
ring of frost,
rio,
rip,
rip meta,
rise,
ritual of summoning,
rivendare,
rizz,
rjw,
rl,
rlp,
rm,
rmd,
rmp,
rmpala,
rmt,
rmting,
rmx,
rng,
rnt,
ro,
ro3,
roach,
roach out,
roached out,
roaching out,
roar,
rocky,
rof,
rofl,
roflmao,
roflstomped,
roflstompping,
rogue,
armor,
roll,
root,
roots,
rop,
rot,
rotation,
rots,
rp,
rp-pvp,
rpd,
rpers,
rpf,
rppvp,
rps,
rq,
rs,
rsham,
rshaman,
rshammy,
rsk,
rt,
rtb,
rune,
rune of power,
runetotem,
runic attenuation,
runic,
rup,
rupture,
ruthlessness,
rw,
rwf,
rylaks,
s-tier,
s1,
s2,
s3,
s4,
sac,
sadge,
safe fall,
salt,
salty,
salv,
san layn,
sanct,
sangiunation,
sanguination,
sap,
sargeras,
saurfang,
saurok,
sb,
sbg,
sbr,
sbs,
sbt,
sc,
sca,
scare beast,
scarlet crusade,
scholo,
scilla,
scint,
sck,
scorch,
scov,
scribe,
scrub,
scuffed,
sd,
se,
seal fate,
sear,
season,
second wind,
sectec,
seed,
seed of corruption,
sef,
self-buffs,
self-cast,
self-healing,
self-heals,
self-sustain,
self-sustaining,
semi-afk,
semi-casual,
semi-hardcore,
semicasual,
semihardcore,
sen jin,
sense undead,
sentinel,
sentinel owl,
sentinels,
seren,
serpen,
serpent,
serpent sting,
serrated,
serrated shots,
sethekk,
sf,
sfd,
sfk,
sg,
sh,
shackle undead,
shado-pan,
shadow bolt,
shadow bolt and incinerate,
shadow cost,
shadow council,
shadow embrace,
shadow priest,
shadow resistance,
shadow word death,
shadow word pain,
shadow word pain damage,
shadow word pain duration,
shadowburn,
shadowcleave,
shadowfiend,
shadowflame,
shadowflame hellfire and rof,
shadowfury,
shadowlands,
shadowmoon,
shadowplay,
shadowsong,
shadowstep,
shaman,
shaman shock crit,
shammy,
shams,
shandris,
shapeshift,
shapeshifting,
shard,
shard generation,
shard neutral,
sharded,
sharding,
sharpening stone,
shat,
shatter,
shattered halls,
shattered hand,
shatterplay,
shd,
shear,
sheep,
shield,
shield block,
shield block block value,
shield charge,
shield of the righteous,
shield slam,
shield wall,
shifting power,
shiv,
shock,
shockwave,
shot,
shotted,
shotting,
shout cost,
shred,
shred and lacerate,
shred and mangle,
shroud,
shs,
sht,
shu halo,
si,
sia,
siege,
siegebreaker,
sig,
sigs,
sikran,
silence,
silver covenant,
silver hand,
silvermoon,
silvermoon city,
sim,
simc,
siming,
simming,
sims,
sin,
sin rogue,
single-minded fury,
single-target,
sinister strike,
sink,
sins,
siphon,
sisters of elune,
sk,
skb,
skeinspinner,
sketch,
sketchy,
skill issue,
skillcap,
skips,
skullcrusher,
sky riding,
skyfury,
skyreach,
skyriding,
skywall,
sl,
slam,
slands,
slapped,
slapper,
slapping,
slice and dice duration,
slice and dice haste,
slick ice,
slow,
slow fall,
slt,
sm,
smash,
smc,
smend,
smf,
smite,
smite and holy fire,
smolderthorn,
smoothbrain,
smurf,
smurfs,
smv,
sn,
snare,
snc,
snd,
sniping,
soa,
soak,
sob,
soc,
socket,
sod,
soe,
sof,
softcap,
soh,
soi,
sol,
solo-friendly,
solo-minded,
solo-queue,
solo-queuers,
soloa-able,
soloable,
soloed,
soloing,
som,
soo,
soom,
soothe,
sop,
sor,
sot,
sota,
sotc,
sotf,
sotfo,
sotr,
sotw,
soul fire,
soulstone,
sov,
sp,
spam,
spam nuke cast time,
spammable,
spammed,
spamming,
span,
spanked,
spark,
spawn,
spazzing,
spb,
spear,
spec,
specced,
specd,
speced,
specs,
spectral,
speed,
speedrun,
spell hit,
spell power,
spell reflection,
spellsteal,
spicy,
spider s kiss,
spinebreaker,
spirestone,
spirit of redemption,
spiritual attunement,
splitting ice,
spriest,
spriests,
sprint,
squadron,
squid,
squish,
squishy,
sr,
ss,
ssc,
ssing,
sst,
st,
sta,
stacks,
staghelm,
stalker s ally,
stam,
stamina,
stamina consumption,
star halo,
starfire,
starfire crit,
stat,
stat-stick,
stats,
steady shot,
stealth,
steamwheedle cartel,
stfl,
stfu,
stk,
stm,
stocks,
stoneform,
stonemaul,
stonevault,
stop-gap,
stops,
storm bolt,
storm strike,
stormcaller chain heal,
stormcaller spelldamage,
stormrage,
stormreaver,
stormscale,
stormstrike,
stormstrike ap buff,
stormstrike off-hand,
stp,
str,
strangulate,
strat,
stratholme you,
streets,
strength of earth,
striker s arcane shot,
striker s rapid fire,
strong current,
sts,
stt,
stun,
stv,
sub,
sub burst,
sub rogue,
subjugate demon,
subt,
subtlety,
succy,
sudden death,
sudden eclipse,
sulfuras,
sum,
summon charger,
summon felguard,
summon felhunter,
summon imp,
summon infernal,
summon thalassian charger,
summon thalassian warhorse,
summon voidwalker,
summon warhorse,
sunfire and moonfire,
sunwell,
suramar,
surge,
surv,
surv hunter,
survivability,
survival of the fittest,
sv,
sw,
swarm,
swd,
sweaty,
swg,
swiftmend,
swiftmend cooldown,
swirl,
swirls,
swirly,
swp,
sylvanas,
symbols of unending life finisher,
systemlands,
t-bag,
t-mog,
ta,
tab-target,
table,
tail swipe,
takazj,
talent,
talent builds,
tame beast,
tanaris,
tank,
tank buster,
tank spec,
tank-swap,
tankier,
tanks,
tanky,
tap,
taunt,
tazavesh,
tb,
tbagged,
tbc,
tbc flight,
tbfg,
tc,
td,
tea,
teh super gosus,
tele,
teleport darnassus,
teleport exodar,
teleport ironforge,
teleport moonglade,
teleport orgrimmar,
teleport shattrath,
teleport silvermoon,
teleport stormwind,
teleport thunder bluff,
teleport undercity,
temp,
tempo,
temporal warp,
tendies,
terenas,
term,
tero,
terokkar,
tf,
tft,
tg,
tgc,
thaurissan,
the bloodbound horror,
the deadmines,
the forgotten coast,
the furious storm,
the human spirit,
the scryers,
the silken court,
the twin blades of azzinoth,
the underbog,
the venture co,
theorycrafters,
thermal void,
thick hide,
thorium brotherhood,
thrall,
threat,
thrill of the hunt,
throughput,
thunder clap,
thundercleave,
thunderfury,
thunderhorn,
thunderlord,
tich,
tichondrius,
tier,
tier set bonus,
tiger s fury,
tilt,
tilted,
tilting,
time anomaly,
time manipulation,
time walking,
time warp,
time-gated,
time-gating,
time-locked,
time-walking,
timed,
timegate,
timegates,
timegating,
timer,
timewalking,
badges,
timewarped,
timing,
timing keys,
tip,
tirisfal glades,
titan s grip,
tjs,
tk,
tl,
tldr,
tm,
tmog,
tnc,
toc,
tod,
toe,
toes,
tof,
togc,
tok,
tol,
tom,
tome of antonidas,
tome of rhonin,
tomes,
toolkit,
toon,
toons,
top-end,
tor,
torghast,
tortheldrin,
tos,
tot,
totem,
totemic,
mastery,
totemic power,
totfw,
toth,
totm,
tott,
touch of the grave,
tov,
tow,
tp,
beasts,
demons,
track dragonkin,
track elementals,
track giants,
track hidden,
track humanoids,
track undead,
train,
tranq,
tranquility,
tranquilizing shot,
transmog,
transmogged,
transmogging,
transmogs,
transmutation master,
trap,
trap cooldown,
trappings of vaulted secrets intellect,
trash,
travel form,
tree,
tremor,
tremor totem,
tricks,
trihard,
trinket,
trinky,
troll,
trollbane,
trolling,
trollpost,
trolls,
try-hard,
tryhard,
ts,
tsa,
tsg,
tsm,
tt,
ttk,
ttp,
tts,
ttyl,
tun,
tuning,
tunnel,
tunneled,
tunneling,
turalyon,
turbo cleave,
turn evil,
turn-in,
turn-ins,
tv,
tw,
blades of azzinoth,
twilight cultist,
twin blades of azzinoth,
twink,
twinks,
twinkvoker,
twisting nether,
two-handed,
two-hander,
tww,
tyfg,
tyrannical,
tyrant,
tyrs,
tyt,
ua,
ub,
ubc,
uberbosses,
ubrs,
ubs,
uc,
ud,
uf,
ug,
uh,
uhdk,
ui,
uk,
ul,
uld,
ulda,
uldaman,
uldir,
ulduar,
uldum,
ulgrax,
ulgrax the devourer,
ultra casual,
ultra-casual,
un-nerf,
un-subbing,
unbuffed,
und,
undead,
stratholme,
under,
under-geared,
under-tuned,
undergeared,
underhealing,
undermine,
underpowered,
underrot,
undertuned,
unending breath,
unending resolve,
unfun,
unholy dk,
unholy dks,
unkillable,
unl,
unplayable,
unsub,
upgrade,
upruning,
uptime,
ur,
ursin,
uther,
uw,
vampiric embrace,
vampiric touch,
vampirism,
vanguard,
vanilla,
vanish,
vashj,
vate,
vault,
vb,
vc,
vdh,
vdhs,
veil,
vek nilash,
velen,
velf,
vendor,
veng,
ver,
vers,
vf,
vh,
victory rush,
vigor,
virtue,
visage,
vm,
voa,
void,
voier,
voj,
volley and multishot,
vortex,
vote-kick,
voti,
vp,
vr,
vt,
vtor,
vulp,
vv,
vw,
w,
wa,
wailing,
wailing arrow,
wake,
wall,
war machine,
war orders,
war stomp,
warband,
warbands,
warbank,
warcraftlogs,
warlock,
warmode,
warp,
warr,
warrior,
warrior s resolve,
warrior s wrath,
wars,
warsong,
water,
water ascendant,
water elemental,
water shield,
water walking,
waycrest,
wb,
wc,
wdp,
weakaura,
weakauras,
weapon damage,
weekly,
weekly quest,
weekly reset,
welly,
welp,
wep,
weps,
werebear,
westfall,
wf,
wfb,
wfi,
wfr,
wft,
wg,
whack-a-mole,
whirlwind,
whirlwind off-hand,
whisper,
whispering,
whisperwind,
whitemane,
wia,
wildhammer,
will of the forsaken,
windfury attack,
windfury totem,
windfury weapon,
windrunner,
windseeker,
windwalker,
wing buffet,
wings,
winter s chill,
winterhoof,
wintertide,
wipe,
wiped,
wisp spirit,
wlr,
wls,
wm,
wmd,
wme,
wo,
wod,
woe,
wog,
wolves,
woo,
worgen,
working as intended,
working-as-designed,
working-as-intended,
wotf,
wotlk,
wotn,
wound,
wound poison,
wow,
wow refugee,
wowfugee,
wowhead,
wowranks,
wp,
wpl,
wpve,
wpvp,
wq,
wqs,
wraith walk,
wrath,
wrath and starfire,
wrecked,
wrekt,
wrt,
ws,
wsg,
wt,
wtb,
wtf,
wtg,
wth,
wts,
wtt,
ww,
wyrmrest accord,
wyrms,
x-fer,
x-pac,
x-pack,
xal,
xalataths bargin,
xalataths guile,
xb,
xbg,
xd,
xfaction,
xmog,
xmogs,
xmute,
xnames,
xp,
xpac,
xpac expansion pack,
xpack,
xpacs,
xr,
xrealm,
xrealms,
yeet,
yeeted,
yg,
yoinked,
yojamba,
yoloing,
ysera,
ysondre,
z-axis,
za,
zangarmarsh,
zekky,
zerg,
zergers,
zergfest,
zergfests,
zerging,
zergs,
zergybois,
zerker,
zf,
zg,
zm,
zp,
zug,
zugged,
zugging,
zul jin,
zulfarrak,
zuluhed,
affliction,
council,
affixes,
chi-ji,
summon,
pet,
demon skin,
wrathguard,
respawned,
fire,
bracers,
fire mages,
proc-fishing,
arcane,
arcane mage,
kicked,
ginvite,
season 1,
season 2,
season 3,
season 4,
void elf,
void elves,
abomination,
acherus,
ves,
taunting,
taunted,
living seed,
burst damage,
dream weaver,
forces of nature,
class tree,
class flavor,
tooltip,
talent calculator,
defensive,
feral,
balance,
hybridization,
obliterate,
runeforge,
shatterring throw,
impending victory,
node,
talent trees,
spec tree,
rsv,
chain-trapping,
dead zone,
commander,
titanstrike,
auto shoot,
double tap,
dps increase,
dots,
wildfire bomb,
carve,
butchery,
warrior-esque,
community council,
ranged survival,
melee survival,
marksmanship,
beast mastery,
remix,
tauren,
geared,
epic battlegrounds,
random battlegrounds,
battlegrounds,
epic battleground,
random battleground,
battleground,
arms,
mythic +,
non raider,
non raiders,
enhance,
Kyrian,
Venthyr,
gearing,
spellbook,
Aysa Cloudsinger,
Vulpera,
druids,
Sethrak,
Assassin,
p1,
p2,
p3,
p4,
p5,
p6,
p7,
talents,
Death’s chill,
Pelegos,
Malefic Rapture,
old god,
old gods,
draenei,
Evokers,
Tarecgosa’s Rest,
Tarecgosa,
questline,
bullion,
essences,
upgrades,
Guardian,
chest,
Chromie,
Wyrmrest,
looting,
dungeons,
dungeon,
sets,
class,
healing,
deep wounds,
bloodmallet,
breath of the dying,
Zandalari,
racials,
allied races,
leveled,
gearscore,
mobility,
Zaralek Caverns,
covenant,
outlaw,
generators,
trading post,
Nazmir,
hardcore,
mages,
grayed out,
tag,
elites,
ert,
single target,
blood elfs,
nightborne,
void elfs,
kul tiran,
kultiran,
night elf,
kultirans,
kul tirans,
belfs,
velfs,
bloodelves,
Neural silencer,
Tauren,
Pandarian,
Vulpera,
Dracthyr,
Worgen,
Elf,
M+,
M+ dungeons,
Searing Light,
Wake of Ashes,
Final Verdict,
Blade of Justice,
Divine Arbiter,
Holystrike,
unholy,
necro,
Necrolords,
Emeni,
Mindgames,
holy fire,
Shamans,
blood priest,
dark reconstitution,
withering curse,
shadowbolt volley,
Alliance,
caried,
meta,
high level content,
end game content,
priests,
battle tags,
battle tag,
undead,
monks,
skyriding,
mole machine,
imps,
frost dk,
unholy,
2 hander,
1hander,
1 hander,
strength,
worgen,
patch day,
Q,
Qs,
QQ,
brackenhide,
durotar,
nukeish,
execute,
executes,
health,
horde,
rooted,
worg,
ferals,
beserk,
Dracthyr,
dragonriding,
Demon Hunters,
hunters,
ranged attack,
eruptions,
spawns,
summoners,
dark pulse,
tbc,
gold selling,
gold sellers,
gold seller,
xfer,
gold,
token,
forbidden reach,
dragon isles,
dragon aspects,
dragon aspect,
twitch drop,
twitch drops,
twitch,
neltharion,
skin,
moba,
rotation,
rotations,
rotational,
buttons,
button,
tune,
tuning,
m+,
delves,
delve,
Season of Discovery,
sod,
classic plus,
classic+,
classic +,
tanking,
retail,
Blizzcon,
tender,
Wintergrasp,
Ashran,
dwg,
conquest,
ptr,
Storm Peaks,
Thousand Needles,
Un’goro,
perma’ed,
Guardians of the Dream,
Faction Change,
Race Change,
VE,
KT,
mounts,
pets,
borrowed power,
corruption,
essences,
azurite,
Arathi,
Plate,
cloth,
mail,
leather,
wow tokens,
wow token,
order hall,
gob squad,
gazlowe,
Razak,
quests,
skybreaker,
rts,
gronn,
ogre,
hobgoblin,
character race,
illidari,
blademaster,
cataclysm,
race customization,
kezan,
worgens,
worldsoul saga,
worldsoul,
5 man,
10 man,
20 man,
15 man,
bruto,
brutos,
ah mount,
auction house mount,
dagger,
raiding,
expansion,
expansions,
flex raid,
wowcast,
scarab,
robe,
vanilla,
armour,
armor,
rank 1,
rank 1 title,
push io,
push keys,
push key,
push score,
pushing io,
pushing keys,
pushing key,
pushing score,
moonguard,
exp,
weekly resets,
week resets,
tailoring,
skinning,
tailor,
skinner,
modded,
fated,
demon hunter,
Power Word: Shield,
Backstab,
Invisibility,
Vanguard,
Incapacitating Roar,
Charge,
Frostbolt,
Polymorph,
Cone of Cold,
Frost Nova,
Eye of Kilrogg,
Slow Fall,
Fireball,
Mend Pet,
Renew,
Corruption,
Entangling Roots,
Immolate,
Taunt,
Purge,
Kidney Shot,
Mind Soothe,
Devotion Aura,
Remove Curse,
Divine Protection,
Purify,
Dispel Magic,
Water Walking,
Astral Recall,
Smite,
Fade,
Shadow Word: Pain,
Prayer of Healing,
Doom,
Mind Control,
Lay on Hands,
Divine Shield,
Dual Wield,
Shadow Bolt,
Summon Imp,
Summon Felhunter,
Summon Voidwalker,
Ritual of Summoning,
Curse of Weakness,
Garrote,
Banish,
Tranquility,
Health Funnel,
Conjure Mana Gem,
Cat Form,
Rend,
Rejuvenation,
Disengage,
Travel Form,
Arcane Resistance,
Cleave,
Hammer of Justice,
Shield Wall,
Call Pet 1,
Pick Pocket,
Earth Shield,
Agony,
Revive Pet,
Blessing of Protection,
Blessing of Freedom,
Chain Heal,
Rip,
Subjugate Demon,
Summon Infernal,
Mark of the Wild,
Demoralizing Shout,
Challenging Shout,
Bear Form Passive,
Mutilate,
Arcane Explosion,
Arcane Intellect,
Beast Lore,
Incanter's Flow,
Slam,
Track Beasts,
Scare Beast,
Tame Beast,
Flare,
Whirlwind,
Levitate,
Hamstring,
Recklessness,
Distract,
Sinister Strike,
Kick,
Gouge,
Stealth,
Pick Lock,
Rake,
Cheap Shot,
Dash,
Vanish,
Safe Fall,
Rupture,
Blink,
Feint,
Resurrection,
Ancestral Spirit,
Holy Word: Serenity,
Heal,
Flash Heal,
Blind,
Mind Vision,
Dispatch,
Flamestrike,
Counterspell,
Earthbind Totem,
Shield Block,
Hibernate,
Dismiss Pet,
Multi-Shot,
Ghost Wolf,
Remove Corruption,
Denounce,
Deadly Poison,
Deadly Poison,
Bloodlust,
Detect Traps,
Soothe,
Scorch,
Sprint,
Cat Form,
Parry,
Crippling Poison,
Intervene,
Teleport: Stormwind,
Teleport: Ironforge,
Teleport: Undercity,
Teleport: Darnassus,
Teleport: Thunder Bluff,
Teleport: Orgrimmar,
Path of Frost,
Cleanse,
Concussive Shot,
Arcane Missiles,
Wrath,
Mighty Bash,
Prowl,
Tiger's Fury,
Shred,
Track Humanoids,
Touch of the Grave,
Intimidating Shout,
Evasion,
Revenge Trigger,
Execute,
Mutilate,
Feign Death,
Healing Stream Totem,
Incarnation: Tree of Life,
Aquatic Form Passive,
Howl of Terror,
Bear Form,
Sense Undead,
Unending Breath,
Rain of Fire,
Numbing Poison,
Fear,
Felsteed,
Shiv,
Far Sight,
Eagle Eye,
Create Healthstone,
Thunder Clap,
Soul Fire,
Heroic Leap,
Pummel,
Heroic Presence,
Revenge,
Battle Shout,
Sap,
Mortal Coil,
Growl,
Maul,
Blessing of Sacrifice,
Feed Pet,
Redemption,
Overpower,
Will of the Forsaken,
Healing Surge,
Earth Shock,
Mind Blast,
Psychic Scream,
Tremor Totem,
Windfury Totem,
Mystic Touch,
Ambush,
Wound Poison,
Moonfire,
Regrowth,
Firebolt,
Attack Power 30,
Raine's Revenge,
Shackle Undead,
Portal: Stormwind,
Power Infusion,
Turn Evil,
Flametongue Attack,
Pyroblast,
Portal: Ironforge,
Portal: Orgrimmar,
Portal: Undercity,
Portal: Darnassus,
Portal: Thunder Bluff,
Ice Barrier,
Evocation,
Mortal Strike,
Piercing Howl,
Icy Veins,
Mastery: Ignite,
Improved Whirlwind,
Last Stand,
Shatter,
Adrenaline Rush,
Summon Warhorse,
Blade Flurry,
Nightstalker,
Ruthlessness,
Seal Fate,
Increased Intellect 20,
Increased Strength 35,
Holy Fire,
Vigor,
Vampiric Embrace,
Mind Flay,
Silence,
Master of the Elements,
Mana Tide Totem,
Resurgence,
Omen of Clarity,
Clearcasting,
Thick Hide,
Feral Instinct,
Predatory Swiftness,
Bear Form,
Spider's Kiss,
Stormstrike,
Speed,
Shadowburn,
Conflagrate,
Berserker Rage,
Swiftmend,
Increased All Resist 08,
Teleport: Moonglade,
Lightning,
Desperate Prayer,
Aimed Shot,
Mooncloth Boots,
Bestial Wrath,
Intimidation,
Flash of Light,
Tranquilizing Shot,
Track Demons,
Track Dragonkin,
Track Elementals,
Track Giants,
Track Humanoids,
Track Undead,
Track Hidden,
Repentance,
Gnomish Engineer,
Goblin Engineer,
Devastate,
Judgment,
Holy Shock,
Rebirth,
War Stomp,
Endurance,
Nature Resistance,
Cultivation,
Regeneration,
Beast Slaying,
Blood Fury,
Hardiness,
Cannibalize,
Shadow Resistance,
Quickness,
Nature Resistance,
Wisp Spirit,
Escape Artist,
Expansive Mind,
Arcane Resistance,
Engineering Specialization,
Stoneform,
Frost Resistance,
The Human Spirit,
Diplomacy,
Reincarnation,
Soulstone,
Spirit of Redemption,
Feline Grace,
Elusiveness,
Increased Critical Holy,
Bear Form Passive 2,
Power Word: Fortitude,
Command,
Demonic Ally,
Lawbringer,
Battlegear of Might,
Reactive Fade,
Increased Rejuvenation Duration,
Faster Regrowth Cast,
Improved Vanish,
Friendly Nukes,
Improved Poisons,
Warrior's Wrath,
Meditation,
Increased Intellect,
Improved Chain Heal,
Nature's Ally,
Nature's Ally,
Prophecy Flash Heal Bonus,
Vigor,
Netherwind Focus,
Heal Renew,
Blade Flurry,
Ferocious Bite,
Maim,
Call of Eskhandar,
Disarm Duration Reduction,
Shaman Shock Crit Bonus,
Barkskin,
Frenzied Regeneration,
Blink Cooldown Reduction,
Psychic Scream Duration Increase,
Unending Resolve Cooldown Reduction,
Gouge Cooldown Reduction,
Concussive Shot Cooldown Reduction,
Dreadsteed,
Summon Charger,
Shapeshift Movement Speed,
Hammer of Justice Cooldown Reduction,
Subtlety,
Parry,
Increased Area,
Increased Prayer of Healing Criticals,
Lightning Shield,
Shadow Cost Reduction,
Improved Drain Life,
Decreased Destruction Threat,
Increased Tranquility and Hurricane Effect,
Improved Feint,
Improved Aspect of the Hawk,
Improved Mend Pet,
Enhanced Sunder Armor,
Block Value 60,
Enhanced Critical Strike,
Improved Judgment of Light,
Increased Aura Radii,
Improved Volley and Multishot,
Increased Critical Spell,
Mana Surge,
Chain Healing Wave,
Expose Weakness,
Bloodfang,
Clean Escape,
Judgment,
Revitalize,
Bloodthirst,
Spell Reflection,
Shield Slam,
Minor Movement Speed,
Primal Blessing Trigger DND,
Hammer of Wrath,
Improved Whirlwind,
Improved Intimidating Shout,
Improved Holy Light,
Improved Blessings,
Improved Frost Shock,
Improved Lightning Bolt,
Improved Concussive Shot,
Improved Serpent Sting,
Improved Blind,
Improved Eviscerate and Rupture,
Improved Faerie Fire,
Improved Starfire,
Improved Smite and Holy Fire,
Improved Mind Control,
Improved Corruption & Immolate,
Improved Doomguard,
Improved Arcane Intellect,
Improved Flamestrike,
Twilight Cultist Disguise,
Moonkin Form,
Arcane Torrent,
Windfury Attack,
Righteous Fury,
Holy Shock,
Holy Shock,
Genesis Rebirth Bonus,
Symbols of Unending Life Finisher Bonus,
Conqueror Shout Bonus,
Conqueror Thunder Clap Bonus,
Battlegear of Unyielding Strength Charge Bonus,
Deathdealer Evasion Bonus,
Deathdealer Eviscerate Bonus,
Emblems of Veiled Shadows Slice and Dice Bonus,
Doomcaller Immolate Bonus,
Doomcaller Reduced Shadow Bolt Cost,
Implements of Unspoken Names Pet Bonus,
Stormcaller Spelldamage Bonus,
Stormcaller Chain Heal Bonus,
Gift of the Gathering Storm Chain Lightning Bonus,
Enigma Blizzard Bonus,
Enigma Resist Bonus,
Avenger Judgment Bonus,
Trappings of Vaulted Secrets Intellect Bonus,
Battlegear of Eternal Justice,
Oracle Healing Bonus,
Increased Flash Heal,
Infinite Wisdom Shadow Word: Pain Bonus,
Striker's Arcane Shot Bonus,
Striker's Rapid Fire Bonus,
Unseen Path Pet Bonus,
Berserking,
Consecration,
Seed of Corruption,
Warrior's Resolve,
Crusader's Wrath,
Mutilate,
Ironweave Battlesuit,
The Furious Storm,
Divine Protection,
Corrupted Fear,
Nature's Bounty,
Hunter Armor Energize,
Rogue Armor Energize,
Freeze,
Polymorph,
Polymorph,
Transmutation Master,
Potion Master,
Elixir Master,
Rejuvenation,
Healing Touch,
Arcane Torrent,
Dreamwalker,
Regrowth,
Plagueheart,
Multi-Shot,
Adrenaline Rush,
Rapid Fire,
Stalker's Ally,
Not There,
Evocation,
Adaptive Warding,
Elemental Vulnerability,
Lay Hands,
Judgment of Light,
Cleanse,
Holy Power,
Epiphany,
Intellect,
Reduced Threat,
Heal,
Reduced Threat,
Head Rush,
Revealed Flaw,
Invigorate,
Totemic Energy,
Lightning Shield,
Totemic Power,
Corruption,
Life Tap,
Vampirism,
Increased Parry Chance,
Increased Critical Hit Chance,
Revenge,
Cheat Death,
Gemcutting,
Arcane Affinity,
Gift of the Naaru,
Increased Damage 2,
Increased Armor 200 Magister,
Increased Armor 200 Valor,
Increased Armor 200 Lightforge,
Increased Armor 200 Beaststalker,
Increased Armor 200 Elements,
Increased Armor 200 Shadowcraft,
Increased Armor 200 Wildheart,
Innervate,
Strong Current,
Incinerate,
Sudden Death,
Second Wind,
Create Soulwell,
Summon Felguard,
Shadowfury,
Spellsteal,
Arcane Blast,
Ice Lance,
Attack Power 40 - Valor,
Attack Power 40 - Beaststalker,
Increase Spell Dam 23 - Magister,
Increase Spell Dam 23 - Dreadmist,
Nature's Guardian,
Fleet Footed,
Cloak of Shadows,
Cheat Death,
Slow,
Dragon's Breath,
Aura Mastery,
Item - Paladin Pvp Set Retribution 4P Bonus,
Ardent Defender,
Avenging Wrath,
Avenger's Shield,
Mana Regen 5%,
Lesser Spell Blasting,
Stormstrike,
Stormstrike Off-Hand,
Heroism,
Increased Dam - Intellect,
Increased Healing - Intellect,
Crusader Aura,
Portal: Exodar,
Portal: Silvermoon,
Teleport: Exodar,
Teleport: Silvermoon,
Mass Dispel,
Shadow Word: Death,
Shadow Embrace,
Increase Spell Dam 23,
Increase Spell Dam 23,
Envenom,
Increased Maelstrom Weapon Chance,
Prayer of Mending,
Pain Suppression,
Holy Spark,
Apprentice Riding,
Journeyman Riding,
Teleport: Shattrath,
Portal: Shattrath,
Blood Fury,
Blood Fury,
Windfury Attack,
Windfury Weapon,
Lifebloom,
Cyclone,
Nurturing Instinct,
Moonfire Mana Reduction,
Incarnation: Tree of Life,
Mangle,
Kill Command,
Victory Rush,
Shadowfiend,
Misdirection,
Summon Thalassian Charger,
Summon Thalassian Warhorse,
Holy Word: Sanctify,
Vampiric Touch,
Crusader Strike,
Fatal Flourish,
Teleport: Shattrath,
Portal: Shattrath,
Shadowstep,
Haste,
Eviscerate and Envenom Discount,
Increased Slice and Dice Duration,
Finisher Combo,
Eviscerate and Envenom Bonus Damage,
Free Finisher Chance,
Consecration Discount,
Reduced Righteous Defense Cooldown,
Increased Flash of Light,
Divine Favor Cooldown,
Increased Right./Truth,
Increased Shield of the Righteous,
Increased Crusader Strike,
Increased Judgment of Command,
Improved Judgment,
Recuced Holy Light Cast Time,
Increased Retribution Aura,
Holy Shield Block Value,
Reduced Judgment Cost,
Judgment Group Heal,
Improved Chain Lightning,
Improved Water Shield,
Improved Mana Spring Totem,
Improved Nature's Swiftness,
Improved Intellect,
Mana Cost Reduction,
Improved Strength of Earth,
Improved Storm Strike,
Improved Healing Surge,
Improved Healing Wave,
Healing Surge Discount,
Lightning Bolt Discount,
Fast Healing Surge,
Improved Flurry,
Rejuvenation Dodge,
Shapeshifting Discount,
Mana Restore,
Improved Nature's Swiftness,
Mana Restore,
Improved Wrath and Starfire,
Bear Armor,
Cat Agility,
Bear Rage,
Cat Energy,
Regrowth Bonus,
Lifebloom Bonus,
Feral Healing Touch Bonus,
Moonkin Healing Touch Bonus,
Sunfire and Moonfire Bonus,
Increased Shred and Lacerate,
Pet Mana Regen,
Improved Seed of Corruption,
Shadowflame,
Improved Corruption and Immolate,
Pet Healing,
Improved Flamestrike,
Arcane Surge,
Pushback Resistance,
Cooldown Reduction,
Improved Arcane Blast,
Crit Bonus Damage,
Trap Cooldown,
Improved Kill Command,
Improved Feign Death,
Improved Multi-Shot,
Improved Steady Shot,
Shout Cost Reduction,
Improved Charge,
Blade Turning,
Revenge Bonus,
Whirlwind Discount,
Rage Bonus,
Shield Block Block Value,
Battle Rush,
Mortal Strike and Bloodthirst Bonus,
Bloodthirst and Mortal Strike Discount,
Binding Heal Cost Reduction,
Improved Prayer of Mending,
Improved Prayer of Healing,
Heal Discount,
Improved Shadowfiend,
Improved Mind Flay and Smite,
Heal Refund,
Offensive Discount,
Shadow Word Pain Damage,
Spell Hit,
Hit,
Hit,
Hit,
Attack Power Bonus,
Attack Power Bonus,
Attack Power Bonus,
Spell Power Bonus,
Force of Nature,
Increased Slice and Dice Haste,
Improved Backstab and Sinister Strike,
Improved Aspect of the Viper,
Improved Steady Shot,
Improved Shadow Bolt and Incinerate,
Dot Heals,
Improved Evocation,
"Improved Fireball, Frostbolt, and Arcane Missiles",
Increased Execute Damage,
Improved Mortal Strike and Bloodthirst,
Improved Shield Slam,
Improved Commanding Shout,
Reduced Prayer of Healing Cost,
Improved Heal,
Improved Mind Blast,
Increased Shadow Word: Pain Duration,
Increased Moonfire Duration,
Starfire Crit,
Improved Rip and Ferocious Bite,
Reduced Swiftmend Cooldown,
Improved Healing Touch,
Improved Spiritual Attunement,
Improved Consecration,
Improved Hammer of Wrath,
Improved Flash of Light,
Holy Light Crit,
Mana Regen Proc,
Shock Discount,
Stormstrike AP Buff,
Chain Heal Discount,
Improved Chain Heal,
Improved Lightning Bolt,
Totemic Mastery,
Improved Shred and Mangle,
Nature's Swiftness Cooldown Reduction,
Frozen Shadoweave,
Increased Critical 14,
Increased Critical Spell,
Increased Critical Spell,
Increased Critical 14,
Shadowflame Hellfire and RoF,
Increased Critical Spell,
Increased Critical 14,
Increased Critical Spell,
Increased Critical 28,
Increased Haste 10,
Devilsaur Teeth,
Increase Spell Dam 23,
Increased Critical 14,
Increased Critical 14,
Increased Spell Hit Chance 8,
Increased Dodge 12,
Increased Critical Spell,
Increased Critical 14,
Increased Hit 20,
Increased Critical 14,
Twin Blades of Azzinoth,
The Twin Blades of Azzinoth,
Increased Critical 14,
Increased Mana Regen,
Increased Mana Regen,
Increased Intellect 06,
Increased Stamina 05,
Increased Stamina 05,
Increased Stamina 05,
Increased Dodge,
Increased Dodge,
Increased Critical 14,
Increase Healing 11,
Attack Power 10,
Attack Power 26,
Attack Power 28,
Increase Spell Dam 71,
Attack Power 40,
Increased Hit,
Increase Spell Dam 28,
Increased Stamina 20,
Increased Stamina 15,
Increase Spell Dam 23,
Weapon Damage,
Increase Spell Dam 18,
Increased Spell Hit Chance 16,
Increased Mana Regen,
Resist Interrupt/Pushback,
Increased Armor 200,
Increased All Resist 08,
Increased Armor 200,
Increased All Resist 08,
Attack Power 40,
Increased All Resist 08,
Increased Fire Resist 10,
Increased Critical 14,
Increased Dodge,
Attack Power 10,
Increased All Resist 15,
Increased Parry 20,
Increased Mana Regen,
Increased Critical Spell,
Increased All Resist 04,
Increased Hit 20,
Increased Hit 20,
Increased All Resist 15,
Increased Dodge,
Increased Hit 10,
Undead Slayer 15,
Increased Shadow Resist 05,
Increased Armor 10,
Increase Spell Dam 23,
Increased Stamina 20,
Attack Power 40,
Increased Parry 20,
Increased Stamina 20,
Increased Stamina 15,
Attack Power 40,
Increased Stamina 20,
Agility 20,
Increased Stamina 20,
Increase Spell Dam 23,
Increased Agility 20,
Increased Stamina 20,
Increased Stamina 15,
Increased Parry 20,
Increased Stamina 15,
Increase Spell Dam 23,
Increased Stamina 20,
Increase Spell Dam 23 - Magister,
Increased Stamina 20,
Attack Power 40,
Increased Stamina 15,
Increase Spell Dam 23,
Increased Stamina 15,
Attack Power 40,
Increased Stamina 20,
Attack Power 40,
Increased Stamina 15,
Increase Spell Dam 23,
Increased Stamina 15,
Increased Parry 20,
Increase Healing 22,
Attack Power 50,
Increased Armor 200,
Increased All Resist 08,
Attack Power 40,
Increased Parry 20,
Increased All Resist 15,
Increased Armor 50,
Increased Dodge,
Increased Armor 200,
Increased All Resist 08,
Increase Spell Dam 23,
Expertise,
Increased Armor 10,
Increased Arcane Resist 05,
Attack Power 10,
Increase Spell Dam 12,
Increase Spell Dam 23 - Dreadmist,
Increased All Resist 08,
Increased Armor 200 Dreadmist,
Expertise,
Increase Nature Dam 7,
Increased Intellect 10,
Increased Parry 20,
Increased Strength 25,
Increased Strength 20,
Increased Dodge 20,
Increased Stamina 20,
Increased Critical 15,
Increased Hit 20,
Increased Armor 200,
Increased All Resist 08,
Increase Spell Dam 15,
Increase Spell Dam 23,
Increased Stamina 20,
Attack Power 40,
Increased Stamina 20,
Increased Stamina 20,
Increased Agility 20,
Increased Stamina 20,
Increase Spell Dam 23,
Increased Stamina 20,
Increase Spell Dam 23,
Attack Power 40,
Increased Stamina 20,
Increased Stamina 20,
Increase Spell Dam 23,
Increased Stamina 20,
Attack Power 40,
Increased Parry 20,
Increased Mana Regen,
Increased Intellect 20,
Increased Armor 150,
Increased Dodge,
Increased Mana Regen,
Increased Mana Regen,
Increase Spell Dam 12,
Increased Stamina 18,
Increased Armor 100,
Increase Spell Dam 20,
Increase Spell Dam 47,
Increase Healing 55,
Increased Critical 14,
Increased Stamina 15,
PvP Armor Increased Critical 14,
Increased Stamina 20,
Increase Spell Dam 23,
Strength 20,
Increased Stamina 20,
Increased Stamina 15,
Increased Parry 20,
Increased Stamina 20,
Increase Spell Dam 23,
Attack Power 40,
Increased Stamina 20,
Increased Stamina 20,
Increase Spell Dam 23,
Increased Agility 20,
Increased Stamina 20,
Increased Stamina 15,
Increased Parry 20,
Increased Stamina 15,
Increase Spell Dam 23,
Increased Stamina 20,
Increase Spell Dam 23,
Attack Power 40,
Increased Stamina 20,
Increased Stamina 15,
Increase Spell Dam 23,
Increased Stamina 15,
Attack Power 40,
Increased Stamina 15,
Increase Spell Dam 23,
Increased Stamina 15,
Increased Parry 20,
Attack Power 40 - Lightforge,
Increased All Resist 08,
Attack Power 20,
Increased All Resist 08,
Attack Power 30,
Increase Spell Dam 23,
Increased All Resist 15,
Increased Intellect 05,
Increase Spell Dam 23,
Increased Critical Spell,
Increase Healing 33,
Attack Power 20,
Attack Power 40,
Increased Critical Spell,
Increase Spell Dam 18,
Attack Power 40 - Shadowcraft,
Increased All Resist 08,
Increased All Resist 10,
Increased All Resist 08,
Increased Armor 200,
Increased Spell Hit Chance 16,
Increased Armor 200,
Increased All Resist 08,
Attack Power 40,
Attack Power 14,
Increased Strength 20,
Increased Dodge,
Increased Stamina 05,
Increased Stamina 05,
Increased Critical Spell,
Increased Stamina 05,
Increased Stamina 05,
Increased Stamina 05,
Increased Critical Spell,
Increased Stamina 05,
Increase Spell Dam 23 - Elements,
Increased All Resist 08,
Increased Armor 200,
Increased All Resist 08,
Increase Spell Dam 23,
Attack Power 10,
Increased Critical 14,
Increased Armor 20,
Increased Dodge,
Increased Stamina 05,
Increased Stamina 05,
Increased Stamina 05,
Increased Stamina 05,
Increased Intellect 10,
Increased Arcane Resist 10,
Increased Fire Resist 10,
Increase Spell Dam 12,
Increased Armor 50,
Expertise,
Increase Spell Dam 15,
Resilience,
Increased Critical 15,
Increased Hit 15,
Increase Spell Dam 23 - Devout,
Increased All Resist 08,
Increased Armor 200,
Increased Armor 200,
Increased All Resist 08,
Increase Spell Dam 23,
Increased Block 10,
Increased Stamina 20,
Increased Stamina 20,
Attack Power 40,
Increased Stamina 20,
Increase Healing 33,
Increase Spell Dam 15,
Attack Power 26,
Increased All Resist 08,
Increase Spell Dam 6,
Attack Power 40,
Increased Stamina 20,
Increased Agility 20,
Increased Stamina 20,
Increased Stamina 20,
Increase Spell Dam 23,
Increased Stamina 20,
Increase Spell Dam 23,
Increased Stamina 20,
Attack Power 40,
Increase Spell Dam 23,
Increased Stamina 20,
Attack Power 40,
Increased Stamina 20,
Fists of Fury,
Increased Hit Rating 15,
Army of the Dead,
Death and Decay,
Improved Multi-Shot,
Improved Grounding Totem,
Reduced Spam Nuke Cast Time,
Arcane Barrage,
Pyroblast Clearcasting Driver,
Living Bomb,
Flurry,
Whirlwind Off-Hand,
Focused Will,
Ice Block,
Chains of Ice,
Blessing of D.E.H.T.A.,
Raise Dead,
Raise Dead,
Sudden Eclipse,
Restoration Regrowth Bonus,
Holy Shock Bonus,
Titan's Grip,
Shockwave,
Strangulate,
Divine Aegis,
cool downs,
cool down,
Staves,
Staff,
gladiator,
twiw,
blessing of summer,
attacks,
holy,
void tendrils,
c thun,
idol,
brann,
gryphadin,
niffen,
theater troupe,
faerin,
blades of the arathi,
quest items,
leave no stone behind,
lootable,
severed threads,
brinthe,
golgrin,
razorice,
arctic assault,
talented,
glacial advance,
ghoul,
resummoned,
hitbox,
crackshot,
bleed damage,
deathmark,
potent assassin,
Proscenium,
Thunderhead Butt,
Potent Assassin,
Primordial Wave,
pwave,
p wave,
Flametongue,
Nature’s Fury,
Mortal Strikes,
Unhinged,
Whirlwind,
Mythic+,
Tyrannical,
Honor,
Shiv,
Echoing Reprimand,
Envenom,
Mutilate,
Kingsbane,
Sinister Strike,
Main Gauche,
Blade Rush,
Combat Stamina,
Ace Up Your Sleeve,
Eviscerate,
Shadowstrike,
Secret Technique,
Crackshot,
player-characters,
Artisan’s Acuity,
trainer-taught,
Feats of Strength,
Ally of the Netherwing,
Netherwing,
Chaos Brand,
Renewing Breath,
Dream Breath,
heal over time,
Arcane Intellect,
Concentrated Coolness,
Holy Power,
spenders,
Radiant Glory,
Crusader,
Summons from the Depths,
Mechashark X-Steam,
A Goblin in Shark’s Clothing,
Divine Purpose,
Retribution Aura,
Nitro Boost,
Shield of Protection,
Festermight,
Raging Blow,
Bloody Token,
Squally,
Pet Journal,
Gryphons of a Feather,
Steady Flight,
Shredder,
Flightstone,
drop rates,
drop rate,
killable,
Aethanel,
Cyranus,
spawning,
Weathered Northrend Sigil,
Chromie,
Kalimdor,
Eastern Kingdom,
Eastern Kingdoms,
Northrend,
Radiant Echoes,
Thorim,
mini-bosses,
mini-boss,
Lightforged,
Beacon,
Zen Flight,
Frostbrood,
Skytalon,
Scarlet Crusaders,
Scarlet Crusade,
Scarlet Crusader,
Silithus,
Treemouth,
Starving Frenzy,
Void,
Summoner,
Skyfury,
Windfury,
swing time,
Eye of the Storm,
eots,
Ardenweald,
Wildseed,
Regrowth,
Queen’s Conservatory,
Wildseeds,
11.0.0.,
Wrath,
Convoke the Spirit,
Dreamstate,
Nature’s Grace,
Spell Reflection,
reflect,
Vexamus,
Arcane Expulsion,
Malicia,
Emberath,
Timber Lord,
Class Set,
Dire Beast,
Huntmaster’s Call,
FenryrS,
Hati,
Grenade Juggler,
Explosive Shot,
Wildfire Bomb,
Wildfire Infusion,
Decimation,
critical strikes,
critical strike,
critical hit,
critical hits,
white damage,
white hit,
white hits,
Skyriding,
Dragonriding,
Static Flight,
Character Boost,
Race Change,
Faction Change,
Heritage Armor,
Herald of the Titans,
ally,
achievement points,
achievement point,
netherwing,
coaglamation,
echoing shade,
duskbringer,
Xal’atath’s Bargain Devour,
Rasha’nan,
warbanks,
darkmoon faire,
feralas,
brewfest,
disintegrate,
transmogrification,
droprate,
Echoes of Ny’alotha,
Ny’alotha,
Comp Stomp,
Temple of Hotmogu,
Eye Beam,
Runecarving Power,
Venthyr,
Calling reward,
Anti-Magic Zone,
Damage reduction,
Death Knight,
Runecarving Power,
Shield Block,
Ember Court,
Revendreth Tributes,
Covenants,
Venthyr,
Blank Invitation,
Ambassador’s Reserve,
Calling reward,
Tribute of the Court,
Favor of the Court,
Refracted Sunlight,
Plump Turkey pet,
Campfire,
War Banner,
Occult Emitter,
Runic Power,
Soulforge Embers,
Spell reflected,
Disciplinary Command,
Mirrors of Torment,
Amplification,
Slipstream talents,
Dance of Chi-Ji (Talent),
Spinning Crane Kick,
Fists of Fury,
Final Verdict,
Divine Purpose (Talent),
Shiv,
Abominable Stitching,
Plague Pack,
Transmog,
Stone Legion Generals,
Sire Denathrius,
Shortcut quest,
Essence Fonts,
Kael’thas Sunstrider,
Pets,
Point of interest,
Tirna Scithe,
World Quest,
Oranomonos the Everbranching,
Gravity Dynamo,
Lost anima crystal shards,
Ghouls,
Gnaw,
Control is King,
Adrenaline Rush,
Healthstones,
Soulwell,
Lord Melenas,
Tur Ragepaw,
Shapeshifting,
Death Strike,
Fetid Gas,
Spirit of Redemption,
Forgeborne Reveries,
Bonesmith Heirmir Soulbind,
Stygia,
Guns and crossbows,
Mythic dungeons,
Azmogal,
Sabriel the Bonecleaver,
Maldraxxus quest,
Spinning Crane Kick’s damage,
Tiger Palm,
Blackout Kick,
Rising Sun Kick,
Serenity,
Painbreaker Psalm,
Insanity,
Shadow Blades,
Flagellation,
Call Dreadstalkers,
Dreadbite,
Return Lost Souls,
Anima,
Rhinestone Sunglasses,
Bind on Equip,
Tablet of Despair trinket,
PvP trinket set bonus,
Expunge,
Combat log,
Volatile Ejection,
Carrion Worms,
Aspirant’s Stretcher,
Shared Suffering,
Concentrate Anima,
Raid Finder,
Heroic difficulties,
Loose Anima,
Gluttonous Miasma,
Essence Sap,
Sinfall Boon,
Shade of Kael’thas,
Wicked Oppressor,
Wrack Soul,
General Kaal,
Seismic Upheaval,
Crescendo,
Prideful affix,
Tyrannical,
Kyrian,
Bosses,
Flesh Crafter,
Throw Cleaver,
Infectious Rain,
Tentacle slaps,
Skeletal Monstrosity,
Frenzied Ghouls,
Corpse Harvester,
Corpse Collector,
Sanguine Depths,
Azerite node,
Necrotic Strike,
Virulent Plague,
Virulent Eruption,
Careful Aim,
Bestial Wrath,
Dampened Magic,
Glacial Spike,
Ray of Frost,
Pyrokinesis,
Chrysalis,
Life Cocoon,
Mana regeneration,
Ultimate Sacrifice,
Blessing of Sacrifice,
Lunar Festival,
Stormwind,
Orgrimmar,
Shadowlands,
Kyrian,
Necrolord,
covenants,
armor sets,
Renown weapon illusions,
Covenant Sanctum,
Wildseeds,
Queen’s Conservatory,
Theotar the Mad Duke,
Wasteland Propriety,
Gorm Ruin Everything,
Oribos,
PvP,
Mythic Keystone,
Anima Powers,
Wretched Phlegm,
Challenging Shout,
Arena,
Spiritwalker’s Grace,
Fae Transfusion,
Soul Igniter,
Castle Nathria,
Resurrection,
Ethereal,
arakkoa,
saberon,
meatball,
meatballs,
bleeds,
nerf,
Chromie,
gnome,
Mechagon,
Tinkermaster Overspark,
cheeselord,
DRing,
sub,
dragonriding,
static flying,
MOTFW,
DW,
obliterate,
world first race,
rot spec,
rot specs,
shield,
darkshore,
gear,
ez key,
ez 2 chest,
rated pvp,
chain fear,
chain stun,
degen,
speedrunning,
speedrun,
speedrunner,
speedruns,
speedrunners,
long boi,
long boy,
bruto,
naga,
Lordaeron,
Calia,
Anduin,
zoval,
felscarred,
conduit,
weeklies,
earthen,
timegated,
warlocks,
death knights,
druids,
Evokers,
vokers,
demon hunter,
demon hunters,
dh,
dhs,
dks,
bears,
Hunters,
mage,
mages,
priest,
priests,
Paladin,
paladins,
Rogue,
Rogues,
shaman,
Shamans,
wars,
warr,
warrs,
warrior,
warriors,
monk,
monks,
zekvir,
grinding,
netherdrake,
black temple,
Sunwell,
Eternal Ones,
Arbiter,
Oribos,
Zovaal,
the Jailer,
Torghast,
Maw,
Kyrestia,
Archon,
Kyrian,
Bastion,
Night fae,
Ardenweald,
Sire Denathrius,
Venthyr,
Revendreth,
Runecarver,
Primus,
Necrolords,
Maldraxxus,
Mueh'zala,
Gharmal,
Margrave,
Krexus,
Sin'dane,
Bolvar,
Anduin,
Wrynn,
Uther,
Lightbringer,
Kael,
Kaelthas,
Draka,
Ysera,
Soul Ash,
Renown,
Soulbind,
Conduit,
soulbinding,
soulbinds,
Abominable Stitching,
Ember Court,
Path of Ascension,
Queen's Conservatory,
Anima Conductor,
Anima,
Sanctum,
Threads of Fate,
Bwonsamdi,
Helya,
Jaina,
Proudmoore,
Thrall,
Baine Bloodhoof,
Vashj,
Alexandros Mograine,
Kel'Thuzad,
Mal'Ganis,
Ner'zhul,
Remnant,
Garrosh,
Hellscream,
Attendant,
Broker,
Enlightened,
Dredger,
Biggun,
Drust,
Faerie,
Forsworn,
Mawsworn,
Tormenter,
necromancer,
Spriggan,
Steward,
Stoneborn,
Stone fiend,
Gravewing,
Sylvar,
ghoul,
Vorka,
Demon,
Nathrezim,
Sayaad,
Husk,
Maldraxxi,
Aranakk,
Gladiator,
Ossein,
Soul-rotted,
fog beast,
Stradama,
Slime cat,
slime,
Shade,
Soul seeker,
Beasts,
Aurelid,
Ambystan,
Annelid,
Ardenmoth,
Ardenfrog,
Ardensquirrel,
Baubleworm,
Ranishu,
Bloodlouse,
Bloodtusk,
Bufonid,
Cervid,
Cloudstrider,
Corpsefly,
Crawbat,
Corpsehound,
Darkhound,
Deathroc,
Dredbat,
Etherwyrm,
Flayedwing,
Helicid,
Gargon,
Glimmerfly,
GormMatriarch,
GormSpewer,
GormSlicer,
GormWasp,
Gormling,
Gromit,
Larion,
BabyLarion,
Leporid,
Lupine,
MawRoach,
Mawrat,
Poultrid,
Purrkin,
Raptora,
Razorwing,
Runestag,
Scarabid,
Shardhide,
Shadehound,
Skrat,
SoulEater,
Tarachnid,
Vespoid,
Viperid,
Vombata,
Vulpin,
BabyVulpin,
Wilderling,
Tauralus,
Automa,
GuardianFirstOnes,
AutomaGuardian,
AutomaColossus,
AutomaConstructor,
AutomaScryer,
Oracle,
Halondrus,
Pocopoc,
Core Automa,
Jiro,
AutomaMaw,
AutomaGuardianMaw,
AutomaColossusMaw,
AutomaConstructorMaw,
AutomaScryerMaw,
OracleMaw,
Mawsworn automa,
POSTMaster Broker bot,
CenturionColossus,
CenturionGoliath,
CenturionPraetor,
CenturionColossusDark,
CenturionGoliathDark,
CenturionPraetorDark,
Aquilon,
Phalynx,
JailerConstruct,
JailerConstruct2,
Mawsworn construct,
Prototype,
ProtoKyrestia,
ProtoWinterQueen,
ProtoDenathrius,
ProtoPrimus,
CharredBehemoth,
Deathwalker,
CrystallineMonster,
Geomental,
Mire creeper,
SinstoneGreat,
Sinstone,
SinstoneSmall,
Tirnenn,
BabyTirnenn,
DevourerBig,
Devourer,
DevourerSmall,
DevourerScavenger,
DevourerController,
DevourerWorm,
Mutated devourer,
Memory,
MemorySmall,
Manifestation,
AnimaWyrm,
Veilwing,
Arbiter,
Pelagos,
DaisyDenathrius,
Roh-Kalo,
Lucky Yun,
TheJailer,
MalVashj,
Mordretha,
Baroness Vashj,
The Endless Empress,
Marasmius,
Mueh'zala,
Raznal,
Primus,
Runecarver,
RemnantNer'zhul,
Sapphire Skyblazer,
SlimeSerpent,
Dormazain,
Sunwarmed Furline,
WinterQueen,
Skoldus Hall,
Fracture Chambers,
Soulforges,
Coldheart Interstitia,
Mort'regar,
Upper Reaches,
Twisting Corridors,
Castle Nathria,
Sanctum of Domination,
Sepulcher of the First Ones,
Sepulcher,
sotfo,
sod,
Necrotic Wake,
nw,
Plaguefall,
pf,
Mists of Tirna Scithe,
mots,
mists,
Halls of Atonement,
hoa,
Spires of Ascension,
soa,
spires,
Theater of Pain,
theater,
De Other Side,
dos,
Sanguine Depths,
sd,
Tazavesh the Veiled Market,
tazavesh,
taz,
market,
megadungeon,
Darkmaul Citadel,
Exile's Reach,
mini-dungeon,
war campaign,
Battle for Azeroth,
Fourth War,
Ion,
Alex Afrasiabi,
Chris Robinson,
Ray Cobo,
Shani Edwards,
Matt Goss,
Jeremy Feasel,
Steve Burke,
Legion,
Shadowlands,
Azeroth,
Burning Legion,
Alliance,
Horde,
Magni Bronzebeard,
Bronzebeard,
Magni,
War Campaign,
Kul Tiras,
KulTiras,
Drustvar,
Mechagon,
Stormsong,
Tiragarde,
Zandalar,
Nazmir,
Vol'dun,
Zuldazar,
Nazjatar,
Lightforged,
Void elf,
Dark Iron dwarf,
Kul Tiran,
KulTiran,
Mechagnome,
Highmountain,
Nightborne,
Mag'har orc,
Zandalari,
Vulpera,
Crestfall,
Dread Chain,
Havenswood,
Jorundall,
Molten Cay,
Rotting Mire,
Skittering Hollow,
Snowblossom,
Un'gol Ruins,
Verdant Wilds,
Whispering Reef,
Stromgarde,
Darkshore,
Azerite Armor,
Heart of Azeroth,
Azerite Power,
Azerite,
Hook Point,
Mugambala,
Robodrome,
War Mode,
Enlisted,
Genn Greymane,
Genn,
Greymane,
First Aid,
Teldrassil,
Undercity,
UC,
Tirisfal Glades,
Arathi Highlands,
Echo Isles,
Swamp of Sorrows,
Stonard,
Misty Reed Farm,
Stormwind,
sw,
Orgrimmar,
org,
Darkmoon Faire,
DMF,
Warsong Gulch,
Arathi Basin,
Deepwind Gorge,
Vale of Eternal Blossoms,
Uldum,
Eternal Palace,
EP,
Freehold,
FH,
Atal'Dazar,
AD,
Tol Dagor,
TD,
Waycrest Manor,
WM,
Waycrest,
Shrine of the Storm,
shrine,
sots,
Siege of Boralus,
Temple of Sethraliss,
The Underrot,
Kings' Rest,
The MOTHERLODE!!,
Operation: Mechagon,
Uldir,
Battle of Dazar'alor,
Crucible of Storms,
Ny'alotha,
Sylvanas Windrunner,
Anduin Wrynn,
Jaina Proudmoore,
Vol'jin,
Varok Saurfang,
Baine Bloodhoof,
Thrall,
Katherine Proudmoore,
Taelia Fordragon,
Derek Proudmoore,
Rastakhan,
Talanji,
Prophet Zul,
Lady Priscilla Ashvane,
Gorak Tul,
G'huun,
Emperor Korthek,
Lord Stormsong,
Queen Azshara,
N'Zoth,
King Mechagon,
Turalyon,
Alleria Windrunner,
Moira Thaurissan,
Gelbin Mekkatorque,
Nathanos Blightcaller,
First Arcanist Thalyssra,
Lor'themar Theron,
Jastor Gallywix,
Gazlowe,
Mayla Highmountain,
Bwonsamdi,
Lucille Waycrest,
Brother Pike,
Flynn Fairwind,
Tandred Proudmoore,
Daelin Proudmoore,
Tyrande Whisperwind,
Malfurion Stormrage,
Shandris Feathermoon,
Mathias Shaw,
Delaryn Summermoon,
Xal'atath,
Prince Erazmin,
Wrathion,
Ankoan,
Blood troll,
Dark troll,
Drust,
Wicker Geist,
Fungarian,
Hozen,
Junker,
K'thir,
Naga,
Quilboar brute,
Ranishu,
Siren,
Tortollan,
Witch,
Zandalari ravasaur,
Skeletal devilsaur,
Skeletal dwarf,
Skeletal gnome,
Skeletal goblin,
Skeletal monkey,
Skeletal tauren,
Troll lich,
Troll spectre,
Undead dire troll,
Anima wyrm,
Veilwing,
Abyssal grouper,
Albatross,
Alpaca,
Ankylodon,
Bee,
Blood tick,
Bramblebear,
Brutosaur,
Butterfly,
Core hound,
Crawg,
Deep sea frenzy,
Dolphin,
Eel,
Falcon,
Hawk,
Fathom ray,
Ferret,
Frog,
Retriever,
Hermit crab,
Jellyfish,
Kakapo,
Kraken,
Krolusk,
Octopus,
Parrot,
Platysaur,
Pterrordax,
Riverbeast,
Sabertusk,
Saurid,
Saurolisk,
Sawtooth shark,
Sea slug,
Sea snail,
Serpent,
Snapdragon,
Snooter,
Spider crab,
Thornbuck,
Thornclaw,
Tidal guardian,
Tidestallion,
Vulpin,
Undercity Plaguebat,
Zandalari ravasaur,
Wasp,
Wolf eel,
Enchanted tiki,
Gnomebot,
Goblin crowd pummeler,
crowd pummeler,
Mechanical dog,
Mechanical Cockroach,
Mechanical crawling hand,
Mechanical ground squirrel,
Mechanical frog,
Mechanical parrot,
Mechanical tiger,
Microbot,
Alarm-o-bot,
Spraybot,
Spider tank,
Kelp,
Azerite elemental,
Coral ancient,
Death elemental,
Drust construct,
Glacial Tidestorm,
Carnivorous Lasher,
Sandstorm elemental,
Snow Orb,
Water elemental,
water ele,
Anubisath,
N'zoth,
Zandalar,
Aqir,
Beastman,
Blood abomination,
Blood elemental,
Consumer of souls,
Eyeball jellyfish,
Serpent of N'Zoth,
Wicker construct,
Baa'l,
Fetid Devourer,
Grong,
Hearthy,
Hir'eek,
Hogrus,
Lady Ashvane,
Rikki,
Lord Arthur Waycrest,
Miimii,
Opulence,
Neglected Guild Bank,
Taloc,
Yazma,
Mechagon,
Warbringers,
Elegy,
A Good War,
Battle for Lordaeron,
Warcraft,
rtmers,
rtmer,
Freehold,
freeholds,
resubbed,
strangletorn,
elwynn,
rshamans,
hydra,
zek,
elites,
elite,
trinkets,
Ashbringer,
halls of infusion,
world soul saga,
zaralek cavern,
strangelthorn vale,
karazhan,
horrific visions,
zul,
y'shaarj,
hellfire citadel,
valdrakken,
war within,
priory of the sacred flame,
zul farrak,
lich king,
tides of vengeance,
ahn qiraj,
cinderbrew meadery
