term,category,subcategory,expansion,notes
Alterac Valley,Battlegrounds,Epic battlegrounds,,
Arathi Basin,Battlegrounds,,,
Ashran,Battlegrounds,Epic battlegrounds,,
Battle for Gilneas,Battlegrounds,,,
Battle for Wintergrasp,Battlegrounds,Epic battlegrounds,,
Deephaul Ravine,Battlegrounds,,,
Deepwind Gorge,Battlegrounds,,,
Eye of the Storm,Battlegrounds,,,
Isle of Conquest,Battlegrounds,Epic battlegrounds,,
Korrak's Revenge,Battlegrounds,Removed and Temporary battlegrounds,,
Seething Shore,Battlegrounds,,,
Silvershard Mines,Battlegrounds,,,
Southshore vs Tarren Mill,Battlegrounds,,,Removed and Temporary battlegrounds
Strand of the Ancients,Battlegrounds,,,
Temple of Kotmogu,Battlegrounds,,,
Twin Peaks,Battlegrounds,,,
Warsong Gulch,Battlegrounds,,,
Death knight,character_class,,,
Demon hunter,character_class,,,
Druid,character_class,,,
Evoker,character_class,,,
Hunter,character_class,,,
Mage,character_class,,,
Monk,character_class,,,
Paladin,character_class,,,
Priest,character_class,,,
Rogue,character_class,,,
Shaman,character_class,,,
Warlock,character_class,,,
Warrior,character_class,,,
Alchemy,character_professions,Primary professions,,
Archaeology,character_professions,Secondary professions,,
Blacksmithing,character_professions,Secondary professions,,
Blood elf,character_professions,Primary professions,,
Cooking,character_professions,Primary professions,,
Dark Iron dwarf,character_professions,Primary professions,,
Enchanting,character_professions,Secondary professions,,
Engineering,character_professions,Secondary professions,,
First Aid,character_professions,Primary professions,,
Fishing,character_professions,Primary professions,,
Herbalism,character_professions,Secondary professions,,
Inscription,character_professions,Secondary professions,,
Jewelcrafting,character_professions,Primary professions,,
Leatherworking,character_professions,Primary professions,,
Mining,character_professions,Primary professions,,
Skinning,character_professions,Primary professions,,
Tailoring,character_professions,Primary professions,,
Dracthyr,character_race,core_race,,
Draenei,character_race,allied_race,,
Dwarf,character_race,core_race,,
Earthcrawl Mines,character_race,core_race,,
Earthen,character_race,core_race,,
Fungal Folly,character_race,allied_race,,
Gnome,character_race,core_race,,
Goblin,character_race,allied_race,,
Highmountain tauren,character_race,core_race,,
Human,character_race,core_race,,
Kul Tiran,character_race,allied_race,,
Lightforged draenei,character_race,core_race,,
Mag'har orc,character_race,allied_race,,
Mechagnome,character_race,allied_race,,
Night elf,character_race,allied_race,,
Nightborne,character_race,allied_race,,
Orc,character_race,core_race,,
Pandaren,character_race,allied_race,,
Tauren,character_race,core_race,,
Troll,character_race,core_race,,
Undead,character_race,core_race,,
Void elf,character_race,core_race,,
Vulpera,character_race,core_race,,
Worgen,character_race,allied_race,,
Zandalari troll,character_race,allied_race,,
"Ara-Kara, City of Echoes",Delves,,,
Cinderbrew Meadery,Delves,,,
Kriegval's Rest,Delves,,,
Mycomancer Cavern,Delves,,,
Nightfall Sanctum,Delves,,,
Skittering Breach,Delves,,,
Tak-Rethan Abyss,Delves,,,
The Dread Pit,Delves,,,
The Sinkhole,Delves,,,
The Spiral Weave,Delves,,,
The Underkeep,Delves,,,
The Waterworks,Delves,,,
Zekvir's Lair,Delves,,,
7th Legion,Dungeons,,,
Akule Riverhorn,Dungeons,,,
City of Threads,Dungeons,,,
Darkflame Cleft,Dungeons,,,
Max-level,Dungeons,,,
Operation: Floodgate,Dungeons,,,
Priory of the Sacred Flame,Dungeons,,,
The Dawnbreaker,Dungeons,,,
The Rookery,Dungeons,,,
The Stonevault,Dungeons,,,
Adelgonn,Faction,,,
Alexandros Mograine,Faction,,,
Alleria Windrunner,Faction,,,
Alliance Forces,Faction,,,
Alliance Vanguard,Faction,,,
Arakkoa Outcasts,Faction,,,
Archivists' Codex,Faction,,,
Argent Crusade,Faction,,,
Argent Dawn,Faction,,,
Argussian Reach,Faction,,,
Armies of Legionfall,Faction,,,
Army of the Light,Faction,,,
Artisan's Consortium,Faction,,,
Ashen Verdict,Faction,,,
Ashtongue Deathsworn,Faction,,,
Assembly of the Deeps,Faction,,,
Automa,Faction,,,
Avengers of Hyjal,Faction,,,
Azerothian Archives,Faction,,,
Baradin's Wardens,Faction,,,
Baroness Vashj,Faction,,,
Bilgewater Cartel,Faction,,,
Bizmo's Brawlpub,Faction,,,
Bloodsail Buccaneers ,Faction,Horde,,
Booty Bay ,Faction,,,
Brann Bronzebeard ,Faction,Independent,,
Brawl'gar Arena,Faction,,,
Brood of Nozdormu ,Faction,,,
Cenarion Circle,Faction,,,
Cenarion Expedition Neutral,Faction,Independent,,
Champions of Azeroth Neutral,Faction,Independent,,
Chee Chee,Faction,,,
Choofa,Faction,,,
Chromie,Faction,,,
Cobalt Assembly Neutral,Faction,,,
Conjurer Margoss,Faction,,,
Corbyn,Faction,,,
Council of Dornogal,Faction,,,
Council of Exarchs,Faction,,,
Court of Farondis,Faction,,,
Court of Harvesters,Faction,,,
Cryptkeeper Kassir,Faction,,,
Darkmoon Faire,Faction,,,
Darkspear Trolls,Faction,,,
Darnassus,Faction,Independent,,
Death's Advance Neutral,Faction,Independent,,
Dominance Offensive Horde,Faction,Alliance,,
Dragonmaw Clan Horde,Faction,,,
Dragonscale Expedition Neutral,Faction,,,
Dream Wardens Neutral,Faction,,,
Dreamweavers Neutral,Faction,,,
Droman Aliothe,Faction,,,
Ella,Faction,,,
Ember Court,Faction,,,
Ember Court Venthyr,Faction,,,
Emperor Shaohao Neutral,Faction,,,
Enlightened Neutral,Faction,,,
Everlook Neutral,Faction,,,
Exodar Bc icon.gif,Faction,,,
Explorers' League,Faction,,,
Farmer Fung,Faction,Alliance,,
Fish Fellreed,Faction,,,
Forest Hozen Horde,Faction,,,
Frenzyheart Tribe Neutral,Faction,,,
Frostwolf Clan,Faction,,,
Gadgetzan,Faction,,,
Gelkis Clan Centaur Neutral,Faction,,,
Gilneas,Faction,,,
Gina Mudclaw,Faction,Independent,,
Glimmerogg Racer Neutral,Faction,Alliance,,
Gnomeregan,Faction,,,
Grandmaster Vole,Faction,,,
Guardians of Hyjal Neutral,Faction,Alliance,,
Hallowfall Arathi Neutral,Faction,,,
Hand of the Prophet Alliance,Faction,,,
Haohan Mudclaw,Faction,,,
Hellscream's Reach Horde,Faction,,,
Highmountain Tribe,Faction,,,
Honeyback Hive,Faction,,,
Honor Hold Alliance,Faction,,,
Honorbound Horde,Faction,,,
Horde Expedition,Faction,,,
Hunt-Captain Korayn,Faction,,,
Huojin,Faction,,,
Hydraxian Waterlords,Faction,,,
Ilyssia of the Waters,Faction,Horde,,
Impus,Faction,Independent,,
Ironforge,Faction,,,
Iskaara Tuskarr,Faction,,,
Jogu the Drunk,Faction,Alliance,,
Keeper Raynae,Faction,,,
Keepers of Time,Faction,,,
Kirin Tor,Faction,,,
Kirin Tor Offensive,Faction,,,
Klaxxi,Faction,,,
Knights of the Ebon Blade,Faction,,,
Kurenai,Faction,,,
Lady Moonberry,Faction,,,
Laughing Skull Orcs,Faction,,,
Loamm Niffen Neutral,Faction,,,
Lower City Neutral,Faction,,,
Magram Clan Centaur Neutral,Faction,,,
Marasmius Night Fae,Faction,,,
Maruuk Centaur Neutral,Faction,Independent,,
Mikanikos,Faction,,,
Moro'gai Neutral,Faction,,,
Nat Pagle,Faction,,,
Netherwing Neutral,Faction,,,
Ogri'la Neutral,Faction,,,
Old Hillpaw,Faction,,,
Operation: Shieldwall Alliance,Faction,,,
Order of Embers,Faction,Alliance,,
Order of the Awakened,Faction,Neutral,,
Order of the Cloud Serpent Neutral,Faction,,,
Orgrimmar,Faction,,,
Pearlfin Jinyu Alliance,Faction,,,
Plague Deviser Marileth,Faction,Horde,,
Polemarch Adrestes,Faction,,,
Proudmoore Admiralty Alliance,Faction,,,
Rajani Neutral,Faction,,,
Ramkahen Neutral,Faction,,,
Ratchet Neutral,Faction,,,
Ravenholdt Neutral,Faction,,,
Rendle and Cudgelface,Faction,,,
Revantusk Tribe Horde,Faction,Independent,,
Royal Apothecary Society Horde,Faction,,,
Rustbolt Resistance Neutral,Faction,,,
Sabellian Neutral,Faction,,,
Severed Threads Neutral,Faction,,,
Sha'leth,Faction,,,
Sha'tari Defense Alliance,Faction,,,
Sha'tari Skyguard Neutral,Faction,,,
Shado-Pan Assault Neutral,Faction,,,
Shado-Pan Neutral,Faction,,,
Shang Xi's Academy Neutral,Faction,,,
Shattered Sun Offensive Neutral,Faction,,,
Shattrath City Bc icon.gif,Faction,,,
Shen'dralar Neutral,Faction,,,
Sholazar Basin,Faction,,,
Sika,Faction,,,
Silvermoon City Bc icon.gif,Faction,,,
Silvermoon Remnant Alliance,Faction,,,
Silverwing Sentinels,Faction,Horde,,
Soridormi Neutral (Related to Thaldraszus),Faction,,,
Sporeggar Neutral,Faction,,,
Steamwheedle Cartel,Faction,,,
Steamwheedle Preservation Society Neutral,Faction,,,
Stitchmasters Necrolord,Faction,,,
Stonehead,Faction,,,
Storm's Wake Alliance,Faction,,,
Stormpike Guard,Faction,,,
Stormwind,Faction,,,
Sunreaver Onslaught Horde,Faction,,,
Syndicate Neutral,Faction,Alliance,,
Talanji's Expedition Horde,Faction,,,
Talon's Vengeance Neutral,Faction,Independent,,
The Aldor Aldor,Faction,,,
The Anglers Neutral,Faction,,,
The Ascended Neutral,Faction,,,
The August Celestials Neutral,Faction,,,
The Avowed Neutral,Faction,,,
The Black Prince Neutral,Faction,,,
The Consortium Neutral,Faction,,,
The Countess,Faction,,,
The Defilers,Faction,,,
The Earthen Ring Neutral,Faction,,,
The Frostborn,Faction,,,
The General Neutral,Faction,,,
The Golden Lotus,Faction,Neutral,,
The Hand of Vengeance,Faction,,,
The Kalu'ak Neutral,Faction,,,
The League of Arathor,Faction,,,
The Lorewalkers Neutral,Faction,,,
The Mag'har Horde,Faction,,,
The Nightfallen Neutral,Faction,,,
The Oracles Neutral,Faction,,,
The Saberstalkers Neutral,Faction,,,
The Scale of the Sands Neutral,Faction,,,
The Scryers Scryers,Faction,,,
The Sha'tar Neutral,Faction,,,
The Silver Covenant,Faction,,,
The Sons of Hodir Neutral,Faction,,,
The Sunreavers,Faction,,,
The Taunka,Faction,,,
The Tillers Neutral,Faction,,,
The Undying Army Neutral,Faction,,,
The Unshackled Horde,Faction,,,
The Violet Eye Neutral,Faction,,,
The Vizier Neutral,Faction,,,
The Wardens Neutral,Faction,,,
The Weaver Neutral,Faction,,,
The Wild Hunt Neutral,Faction,,,
The Wyrmrest Accord Neutral,Faction,,,
Theramore Alliance,Faction,,,
Therazane Neutral,Faction,,,
Thorium Brotherhood Neutral,Faction,,,
Thrallmar Horde,Faction,,,
Thunder Bluff,Faction,Independent,,
Timbermaw Hold Neutral,Faction,,,
Tina Mudclaw,Faction,Horde,,
Tortollan Seekers Neutral,Faction,Independent,,
Tranquillien Horde Bc icon.gif,Faction,,,
Tushui Pandaren Mists-Logo-Small.png,Faction,,,
Uldum Accord Neutral,Faction,,,
Undercity,Faction,Alliance,,
Valarjar Neutral,Faction,,,
Valdrakken Accord Neutral,Faction,Horde,,
Valiance Expedition,Faction,,,
Ve'nari,Faction,,,
Vol'jin's Headhunters Horde,Faction,,,
Vol'jin's Spear Horde,Faction,,,
Voldunai Horde,Faction,,,
Warsong Offensive,Faction,,,
Warsong Outriders,Faction,,,
Waveblade Ankoan Alliance,Faction,,,
Wildhammer Clan Alliance,Faction,,,
Winterpelt Furbolg (Related to Azure Span),Faction,,,
Wintersaber Trainers Alliance,Faction,,,
Wrathion Neutral,Faction,,,
Wrynn's Vanguard Alliance,Faction,Independent,,
Zandalar Tribe Neutral,Faction,,,
Zandalari Empire Horde,Faction,,,
Anduin Wrynn,prominent_figure,,,
Ansurek,prominent_figure,,,
Baron Revilgaz,prominent_figure,,,
Brann Bronzebeard,prominent_figure,,,
Brinthe,prominent_figure,,,
Broodtwister Ovi'nax,prominent_figure,,,
Cauldron of Carnage,prominent_figure,,,
Dagran Thaurissan II,prominent_figure,,,
Faerin Lothar,prominent_figure,,,
Geya'rah,prominent_figure,,,
Grimla Fizzlecrank,prominent_figure,,,
Jaina Proudmoore,prominent_figure,,,
Jastor Gallywix,prominent_figure,,,
Khadgar,prominent_figure,,,
Kurdran Wildhammer,prominent_figure,,,
Lilian Voss,prominent_figure,,,
Lufsela,prominent_figure,,,
Magni Bronzebeard,prominent_figure,,,
Marin Noggenfogger,prominent_figure,,,
Merrix,prominent_figure,,,
Moira Thaurissan,prominent_figure,,,
Monte Gazlowe,prominent_figure,,,
Orweyna,prominent_figure,,,
Skitter,prominent_figure,,,
Thrall,prominent_figure,,,
Turalyon,prominent_figure,,,
Xal'atath,prominent_figure,,,
Chrome King Gallywix,raid_boss,,,
Mug'Zee,raid_boss,Liberation of Undermine,,
Nerub-ar Palace,raid_boss,Liberation of Undermine,,
Nexus-Princess Ky'veza,raid_boss,Liberation of Undermine,,
One-Armed Bandit,raid_boss,Liberation of Undermine,,
Queen Ansurek,raid_boss,Nerub-ar Palace,,
Rasha'nan,raid_boss,Liberation of Undermine,,
Rik Reverb,raid_boss,Nerub-ar Palace,,
Sikran,raid_boss,,,
Sprocketmonger Lockenstock,raid_boss,Liberation of Undermine,,
Stix Bunkjunker,raid_boss,,,
The Bloodbound Horror,raid_boss,Liberation of Undermine,,
The Silken Court,raid_boss,Liberation of Undermine,,
Ulgrax the Devourer,raid_boss,,,
Vexie Fullthrottle and The Geargrinders,raid_boss,Nerub-ar Palace,,
Azj-Kahet,Raids,,,
Dornogal,Raids,,,
Hallowfall,Zones,,,
Isle of Dorn,Zones,,,
Khaz Algar,Zones,,,
Siren Isle,Zones,,,
The Ringing Deeps,Zones,,,
Undermine,Zones,,,
Kleia,,,,
Liberation of Undermine,,,,
Pelagos,,,,